symbol,fiscal_year,quarter,eps,eps_a,dps,roe,net_profit,paidup_capital,quarter_num,fy_start
ACLBSL,082/083,q4,27.79,27.79,24.31,15.36,102017981.0,367143409.0,4,82
ACLBSL,082/083,q3,25.52,34.02,22.2,18.94,93684506.0,367143409.0,3,82
ACLBSL,082/083,q2,32.57,32.57,14.76,19.16,59784028.0,367143409.0,2,82
ACLBSL,082/083,q1,8.94,8.94,12.46,5.68,8206536.0,367143409.0,1,82
ACLBSL,081/082,q4,25.72,25.72,14.19,16.46,94418607.0,367143409.0,4,81
ADBL,082/083,q4,16.11,16.11,6.54,7.89,2630641835.0,19738231090.0,4,82
ADBL,082/083,q3,10.71,10.71,7.78,4.63,1393973951.0,19738231090.0,3,82
ADBL,082/083,q2,9.89,9.89,0.42,4.28,707426589.0,19738231090.0,2,82
ADBL,082/083,q1,0.17,0.17,15.58,0.07,5738886.0,19287936300.0,1,82
ADBL,081/082,q4,27.63,27.63,18.42,11.88,4154457792.0,19287936300.0,4,81
AHL,082/083,q3,-14.48,-19.26,-19.26,-26.99,-49240484.0,340000000.0,3,82
AHL,082/083,q2,-8.5,-17.0,-17.0,-21.99,-28907889.0,340000000.0,2,82
AHL,082/083,q1,4.33,17.32,17.32,19.19,14721880.0,340000000.0,1,82
AHL,081/082,q4,-8.28,-8.28,-8.28,-9.54,-28161037.0,340000000.0,4,81
AHL,081/082,q3,-9.02,-12.02,-12.02,-13.96,-30651017.0,340000000.0,3,81
AHPC,082/083,q3,4.41,4.41,4.41,3.97,133685442.0,4040403150.0,3,82
AHPC,082/083,q2,5.2,5.2,5.2,4.5,100063380.0,3848003000.0,2,82
AHPC,082/083,q1,4.71,4.71,4.71,4.17,45323282.0,3848003000.0,1,82
AHPC,081/082,q4,11.65,11.65,11.65,10.38,448137547.0,3848003000.0,4,81
AHPC,081/082,q3,11.85,11.85,11.85,10.81,341898520.0,3848003000.0,3,81
AKJCL,082/083,q3,2.56,2.56,2.56,2.07,38335960.0,2000000000.0,3,82
AKJCL,082/083,q2,4.63,4.63,4.63,4.99,46271035.0,2000000000.0,2,82
AKJCL,082/083,q1,5.78,5.78,5.78,6.29,28913710.0,2000000000.0,1,82
AKJCL,081/082,q4,2.05,2.05,2.05,2.27,41037975.0,2000000000.0,4,81
AKJCL,081/082,q3,2.25,2.25,2.25,2.49,33681696.0,2000000000.0,3,81
AKPL,082/083,q3,4.92,4.92,4.92,4.75,143780053.0,3895942100.0,3,82
AKPL,082/083,q2,7.93,7.93,7.93,7.65,154487610.0,3895942100.0,2,82
AKPL,082/083,q1,5.96,5.96,5.96,5.88,58006074.0,3895942100.0,1,82
AKPL,081/082,q4,4.37,4.37,4.37,-0.25,-9645192.0,3895942100.0,4,81
AKPL,081/082,q3,1.1,1.1,1.1,1.15,32199318.0,3895942100.0,3,81
ALBSL,082/083,q4,32.63,32.63,26.91,24.85,261939317.0,802685677.0,4,82
ALBSL,082/083,q3,29.28,29.28,18.57,17.82,176262587.0,802685677.0,3,82
ALBSL,082/083,q2,31.29,31.29,15.17,19.79,125574090.0,802685677.0,2,82
ALBSL,082/083,q1,12.18,12.18,23.21,6.92,22322105.0,733046280.0,1,82
ALBSL,081/082,q4,28.55,28.55,22.31,16.51,209277983.0,733046280.0,4,81
ALICL,082/083,q3,9.26,,8.26,7.39,347386584.0,5001159208.0,3,82
ALICL,082/083,q2,10.54,10.54,10.54,8.19,263563457.0,5001159208.0,2,82
ALICL,082/083,q1,12.64,12.64,12.64,9.71,152513040.0,4827767560.0,1,82
ALICL,081/082,q4,12.04,12.04,12.04,8.91,409337790.0,3399836310.0,4,81
ALICL,081/082,q3,13.13,13.13,13.13,10.21,334716929.0,3399836307.0,3,81
ANLB,082/083,q4,69.71,69.71,69.71,19.24,62399530.0,89507200.0,4,82
ANLB,082/083,q3,61.87,61.87,,,48469670.0,78343280.0,3,82
ANLB,082/083,q2,38.95,77.9,77.9,18.17,30514620.0,78343280.0,2,82
ANLB,082/083,q1,58.52,14.63,14.63,14.44,11464440.0,78343280.0,1,82
ANLB,081/082,q4,57.07,57.07,57.07,14.83,44711900.0,78343280.0,4,81
API,082/083,q3,13.76,13.76,13.76,11.9,658546633.0,6379724199.0,3,82
API,082/083,q2,14.03,14.03,14.03,11.93,426221665.0,6075927807.0,2,82
API,082/083,q1,17.3,17.3,17.3,15.08,262755150.0,6075927807.0,1,82
API,081/082,q4,7.04,7.04,7.04,6.34,427659228.0,6075927807.0,4,81
API,081/082,q3,7.76,7.76,7.76,7.06,353497566.0,6075927807.0,3,81
AVYAN,082/083,q4,57.04,57.04,18.09,35.93,142608423.0,250000000.0,4,82
AVYAN,082/083,q3,52.53,52.53,10.45,33.2,98498189.0,250000000.0,3,82
AVYAN,082/083,q2,61.89,61.89,3.63,41.43,77360058.0,250000000.0,2,82
AVYAN,082/083,q1,12.98,12.98,,10.29,8111463.0,250000000.0,1,82
AVYAN,081/082,q4,26.42,26.42,-16.02,20.81,66050203.0,250000000.0,4,81
BANDIPUR,082/083,q3,-0.57,,,-0.83,-16262387.0,2829993000.0,3,82
BANDIPUR,082/083,q2,-0.26,-0.53,-0.53,-0.57,-7491988.0,2829993000.0,2,82
BARUN,082/083,q3,2.01,2.01,2.01,1.86,16953841.0,1122532425.0,3,82
BARUN,082/083,q2,4.05,4.05,4.05,3.57,21696032.0,1071630000.0,2,82
BARUN,082/083,q1,7.09,7.09,7.09,6.65,18990584.0,1047786700.0,1,82
BARUN,081/082,q4,3.71,3.71,3.71,3.2,19855212.0,535815000.0,4,81
BARUN,081/082,q3,0.89,0.89,0.89,0.79,3578144.0,535815000.0,3,81
BEDC,082/083,q3,,-0.12,-0.12,-0.26,-508411.0,544053400.0,3,82
BEDC,082/083,q2,0.54,2.17,2.17,2.23,2946172.0,544053400.0,2,82
BEDC,082/083,q1,1.88,7.64,7.64,15.26,10394835.0,544053400.0,1,82
BEDC,081/082,q4,-5.51,-5.51,-5.51,-11.45,-29987200.0,544053400.0,4,81
BEDC,081/082,q3,-3.59,-4.79,-4.59,,-19549178.0,544053400.0,3,81
BFC,082/083,q3,8.8,8.8,-54.95,7.79,58755958.0,890424236.0,3,82
BFC,082/083,q2,3.93,3.93,-58.77,3.66,17485624.0,890424236.0,2,82
BFC,082/083,q1,-24.58,-24.58,-159.16,-20.66,-54516770.0,890424240.0,1,82
BFC,081/082,q4,0.23,0.23,-33.92,0.03,2077504.0,890424236.0,4,81
BFC,081/082,q3,-11.26,-11.26,-48.74,-0.76,-75201727.0,890424236.0,3,81
BGWT,082/083,q3,11.16,11.16,11.16,9.88,56770296.0,678239900.0,3,82
BGWT,082/083,q2,9.22,9.22,9.22,8.46,31259337.0,678239900.0,2,82
BGWT,082/083,q1,10.8,10.8,10.8,6.64,16066882.0,594947300.0,1,82
BGWT,081/082,q4,11.13,11.13,11.13,9.24,66197890.0,594947300.0,4,81
BGWT,081/082,q3,9.46,9.46,9.46,8.13,42230827.0,537799632.0,3,81
BHCL,082/083,q3,7.82,10.43,10.43,9.49,71083096.0,909101300.0,3,82
BHCL,082/083,q2,5.52,11.05,11.05,10.29,50215781.0,909101300.0,2,82
BHCL,082/083,q1,1.95,1.95,1.95,7.53,17754482.0,909101300.0,1,82
BHDC,082/083,q3,9.92,,,,117655737.0,1186290000.0,3,82
BHDC,082/083,q2,9.92,19.83,19.83,16.13,112045568.0,1129800000.0,2,82
BHDC,082/083,q1,30.87,30.87,30.87,26.41,87182430.0,1129800000.0,1,82
BHDC,081/082,q4,5.35,5.35,,4.89,60389434.0,1129800000.0,4,81
BHDC,081/082,q3,5.87,7.83,7.83,7.11,66350703.0,1129800000.0,3,81
BHL,082/083,q3,8.59,8.59,8.59,10.72,235658816.0,3655940000.0,3,82
BHL,082/083,q2,12.48,12.48,12.48,15.44,228148233.0,3655940000.0,2,82
BHL,082/083,q1,13.62,13.62,13.62,17.46,124475358.0,3655940000.0,1,82
BHL,081/082,q4,-14.45,-14.45,-14.45,-11.69,-393999490.0,3655940000.0,4,81
BHL,081/082,q3,-15.98,-15.98,-15.98,,-326670435.0,3655940000.0,3,81
BHPL,082/083,q3,-0.44,-0.58,-0.58,-0.39,-1098032.0,250000000.0,3,82
BHPL,082/083,q2,0.93,1.86,1.86,3.65,2329906.0,250000000.0,2,82
BHPL,082/083,q1,9.48,2.37,9.48,18.0,5927831.0,250000000.0,1,82
BHPL,081/082,q4,-1.87,-1.87,-1.87,-3.55,-4682089.53,250000000.0,4,81
BHPL,081/082,q3,1.19,1.58,1.58,2.86,2966086.0,250000000.0,3,81
BJHL,082/083,q3,,-3.26,-3.26,-3.66,-24428841.0,1000000000.0,3,82
BNHC,082/083,q4,1.81,1.81,1.81,1.5,12074483.6,800000000.0,4,82
BNHC,082/083,q3,7.78,7.78,7.78,9.21,23342804.56,400000000.0,3,82
BNHC,082/083,q2,5.12,10.24,10.24,12.25,20481429.91,400000000.0,2,82
BNHC,082/083,q1,7.52,7.52,,9.41,7518322.5,400000000.0,1,82
BNHC,081/082,q4,-5.65,-5.65,-5.65,-7.32,-22594427.47,400000000.0,4,81
BNT,082/083,q3,229.0,305.0,305.0,9.7,277051000.0,121000000.0,3,82
BNT,082/083,q2,112.0,224.0,224.0,7.0,135494000.0,121000000.0,2,82
BNT,082/083,q1,226.0,905.0,905.0,28.81,273853000.0,121000000.0,1,82
BNT,081/082,q4,-502.0,-502.0,-502.0,-17.0,-607572000.0,121000000.0,4,81
BNT,081/082,q3,67.0,89.0,89.0,6.0,80755000.0,121000000.0,3,81
BOKL,079/080,q1,10.57,,,6.05,280615308.0,10623994072.0,1,79
BOKL,078/079,q4,17.04,,1.22,10.1,1810276510.0,10623994072.0,4,78
BOKL,078/079,q3,10.93,,,6.94,870781480.0,10623994070.0,3,78
BOKL,078/079,q2,13.541412281013931,,,8.495562030855023,719319419.0,10623994072.0,2,78
BOKL,078/079,q1,10.5,,,1.505,253477341.0,9658176429.0,1,78
BPCL,082/083,q3,8.78,11.68,11.68,5.55,299317000.0,3409065000.0,3,82
BPCL,082/083,q2,6.61,13.22,13.22,6.34,225380000.0,3409065000.0,2,82
BPCL,082/083,q1,2.49,9.95,9.95,4728.55,84802000.0,3409065000.0,1,82
BPCL,081/082,q4,6.63,6.63,6.63,3.19,226150000.0,3409065000.0,4,81
BPCL,081/082,q3,6.17,8.23,8.23,3.96,210299000.0,3409065000.0,3,81
BUNGAL,082/083,q3,-0.59,-0.78,-0.78,-0.93,-4889998.0,830000000.0,3,82
BUNGAL,082/083,q2,3.34,6.68,6.68,7.54,27739361.0,830000000.0,2,82
CBBL,082/083,q3,33.41,33.41,72.18,13.78,906476531.19,3617264101.5,3,82
CBBL,082/083,q2,31.85,31.85,47.43,13.63,576096501.93,3617264101.5,2,82
CBBL,082/083,q1,33.46,33.46,71.12,12.57,269002800.0,3215345870.0,1,82
CBBL,081/082,q4,37.38,37.38,64.84,14.65,1212874494.97,3215345868.0,4,81
CBBL,081/082,q3,35.39,35.39,76.35,11.79,853550555.57,3215345868.0,3,81
CBL,079/080,q2,14.04,,,10.32,637022000.0,9075844000.0,2,79
CBL,079/080,q1,18.29,,,13.36,415091000.0,9075844000.0,1,79
CBL,078/079,q4,15.26,,11.08,11.09,1384685000.0,9075844000.0,4,78
CBL,078/079,q3,13.28,,,10.42,904123000.0,9075844000.0,3,78
CBL,078/079,q2,1.66,,,8.689573532439114,504001000.0,8643661000.0,2,78
CCBL,079/080,q1,13.34,,,10.22,318515000.0,9553909000.0,1,79
CCBL,078/079,q4,14.21,,0.95,11.09,1357231000.0,9553909000.0,4,78
CCBL,078/079,q3,14.17,,,11.42,1015683000.0,9553909000.0,3,78
CCBL,078/079,q2,15.12,,,12.423339426612456,722164000.0,9553909000.0,2,78
CCBL,078/079,q1,12.06,,,8.31,272476000.0,9034430000.0,1,78
CFCL,082/083,q3,5.19,5.19,-30.36,4.52,36938261.0,948875459.0,3,82
CFCL,082/083,q2,8.26,8.26,-29.09,7.27,39191304.0,948875459.0,2,82
CFCL,082/083,q1,7.78,7.78,-32.16,6.8,18444570.0,948875460.0,1,82
CFCL,081/082,q4,9.4,9.4,-31.88,8.92,948875459.0,948875459.0,4,81
CFCL,081/082,q3,2.39,2.39,-38.27,2.25,16977677.0,948875459.0,3,81
CGH,082/083,q3,-0.58,-0.58,,-0.77,-9384489.0,1610795550.0,3,82
CGH,082/083,q2,-3.07,-6.13,-6.13,-5.95,-47020564.0,1534091000.0,2,82
CGH,082/083,q1,-0.81,-3.24,-3.24,-3.0,-12431728.0,1534091000.0,1,82
CGH,081/082,q4,13.75,13.75,13.75,12.77,210895504.0,1534091000.0,4,81
CGH,081/082,q3,7.09,9.45,7.09,9.23,108811057.0,1534091000.0,3,81
CHCL,082/083,q4,7.59,7.59,7.59,6.13,720059200.0,9484988680.0,4,82
CHCL,082/083,q3,6.42,6.42,6.42,5.3,456995100.0,9484988680.0,3,82
CHCL,082/083,q2,8.39,8.39,8.39,6.94,398059370.0,9484988680.0,2,82
CHCL,082/083,q1,9.38,9.38,9.38,7.08,205841820.0,8782396920.0,1,82
CHCL,081/082,q4,7.74,7.74,7.74,5.73,679599760.0,8782396920.0,4,81
CHDC,082/083,q3,61.05,61.05,61.05,23.66,473558982.73,1034237061.0,3,82
CHDC,082/083,q2,61.03,61.03,61.03,25.34,315604998.48,1034237061.0,2,82
CHDC,082/083,q1,60.55,60.55,60.5,29.04,156563727.7,1034237061.0,1,82
CHDC,081/082,q4,55.45,55.45,55.45,28.69,573502143.72,1034237061.0,4,81
CHDC,081/082,q3,45.51,45.51,45.51,26.47,353026524.28,1034237061.0,3,81
CHL,082/083,q3,2.44,3.25,3.25,3.81,18885663.0,773955000.0,3,82
CHL,082/083,q2,3.01,6.03,6.03,7.04,23323763.0,773955000.0,2,82
CHL,082/083,q1,2.48,9.93,9.93,11.66,19207030.0,773955000.0,1,82
CHL,081/082,q4,-12.85,-12.85,-12.85,-24.98,-49710313.0,386977500.0,4,81
CHL,081/082,q3,-10.38,-13.85,-13.85,,-40203260.0,386977500.0,3,81
CIT,082/083,q3,19.32,19.32,19.32,13.1,986059000.0,6805798000.0,3,82
CIT,082/083,q2,19.55,19.55,19.55,13.73,665324000.0,6805798000.0,2,82
CIT,082/083,q1,19.4,19.4,19.4,4.68,314328000.0,6481712000.0,1,82
CIT,081/082,q4,19.34,19.34,19.34,11.78,1253570000.0,6481712000.0,4,81
CIT,081/082,q3,18.49,18.49,18.49,12.54,899033000.0,6481712000.0,3,81
CITY,082/083,q3,-4.6,-6.12,-6.12,-6.3,-138746756.18,3013200000.0,3,82
CITY,082/083,q2,-3.35,-6.7,-3.35,-6.8,-100938264.34,3013200000.0,2,82
CITY,082/083,q1,-2.08,-7.36,-7.36,-9.78,-55652163.6,1674000000.0,1,82
CITY,081/082,q4,-11.89,-11.89,-11.89,-14.7,-198965878.13,1674000000.0,4,81
CITY,081/082,q3,-10.38,-13.84,-13.84,-17.32,-172803255.67,1674000000.0,3,81
CKHL,082/083,q3,3.23,3.23,3.23,4.76,12903515.0,400000000.0,3,82
CKHL,082/083,q2,8.77,17.54,17.54,18.33,35084612.0,400000000.0,2,82
CKHL,082/083,q1,17.52,17.52,17.52,19.19,17524300.0,400000000.0,1,82
CKHL,081/082,q4,-1.36,-1.36,-1.36,-1.49,-5436262.0,400000000.0,4,81
CKHL,081/082,q3,1.22,1.63,1.63,1.7,4878113.0,400000000.0,3,81
CLI,082/083,q3,9.6,,9.6,7.3,360040098.0,5000000000.0,3,82
CLI,082/083,q2,9.26,9.26,9.26,7.32,231529464.0,5000000000.0,2,82
CLI,082/083,q1,10.52,10.52,,7.07,131489590.0,5000000000.0,1,82
CLI,081/082,q4,8.5,8.5,8.5,5.72,425013150.0,5000000000.0,4,81
CLI,081/082,q3,9.54,9.54,9.54,6.49,357648250.0,5000000000.0,3,81
CORBL,082/083,q3,12.26,12.26,-9.81,8.78,48263019.0,525000000.0,3,82
CORBL,082/083,q2,4.94,4.94,-9.02,3.63,12942220.0,525000000.0,2,82
CORBL,082/083,q1,0.53,0.53,-24.69,1.63,2914534.0,525000000.0,1,82
CORBL,081/082,q4,-3.12,-3.12,-6.58,-2.29,-16385760.0,525000000.0,4,81
CORBL,081/082,q3,4.52,4.52,,3.13,17781623.0,525000000.0,3,81
CREST,082/083,q3,1.21,,2.15,1.93,12102537.0,750000000.0,3,82
CREST,082/083,q2,3.13,3.13,3.13,2.82,11751206.0,750000000.0,2,82
CREST,082/083,q1,2.98,2.98,3.0,27.21,5595853.0,750000000.0,1,82
CREST,081/082,q3,1.87,1.87,1.87,1.94,10533357.0,750000000.0,3,81
CYCL,082/083,q3,26.74,26.74,15.54,9.9,53430930.0,266424390.0,3,82
CYCL,082/083,q2,27.99,27.99,10.85,10.42,37289690.0,266424390.0,2,82
CYCL,082/083,q1,-21.88,-21.88,-21.88,-8.44,-14573830.0,266424390.0,1,82
CYCL,081/082,q4,44.09,44.09,34.17,15.9,117478310.0,266424390.0,4,81
CYCL,081/082,q3,27.96,27.96,16.24,10.41,55862260.0,266424390.0,3,81
CZBIL,082/083,q3,11.23,11.23,-3.25,7.39,1306461348.0,15507463614.0,3,82
CZBIL,082/083,q2,4.63,4.63,-7.1,3.11,358858628.0,15507463614.0,2,82
CZBIL,082/083,q1,-5.97,-5.97,,-3.87,-220411171.0,14769012966.0,1,82
CZBIL,081/082,q4,8.76,8.76,5.25,5.81,1293321390.0,14769012966.0,4,81
CZBIL,081/082,q3,8.6,8.68,1.69,5.81,961893694.0,14769012966.0,3,81
DDBL,082/083,q4,48.15,48.15,48.15,21.22,989443903.0,2055114266.0,4,82
DDBL,082/083,q3,44.13,44.13,41.55,20.74,680132170.0,2055114266.0,3,82
DDBL,082/083,q2,47.41,47.41,45.7,21.44,442910642.0,1868285696.0,2,82
DDBL,082/083,q1,43.29,43.29,40.63,19.57,202215581.0,1868285696.0,1,82
DDBL,081/082,q4,36.99,36.99,32.46,17.71,691154544.0,1868285696.0,4,81
DHEL,082/083,q3,-3.25,-4.32,-4.32,-3.38,-33484771.0,1030500000.0,3,82
DHEL,082/083,q2,-0.83,-1.65,-1.65,-1.26,-8507776.0,1030500000.0,2,82
DHPL,082/083,q4,5.51,5.51,5.51,65.79,14555045.0,264000000.0,4,82
DHPL,082/083,q3,2.19,2.91,2.91,57.61,5784496.0,264000000.0,3,82
DHPL,082/083,q2,3.76,7.51,7.51,113.45,9918522.0,264000000.0,2,82
DHPL,082/083,q1,17.51,17.51,17.51,225.25,11555000.0,264000000.0,1,82
DHPL,081/082,q4,-1.73,-1.73,-1.73,-50.8,-4554000.0,264000000.0,4,81
DLBS,082/083,q3,18.29,18.29,-27.09,12.27,18255500.86,133100000.0,3,82
DLBS,082/083,q2,18.38,18.38,4.71,10.26,12231481.96,133100000.0,2,82
DLBS,082/083,q1,7.8,7.8,0.8,4.54,2595127.48,133100000.0,1,82
DLBS,081/082,q4,11.43,11.43,0.64,6.74,15208423.0,133100000.0,4,81
DLBS,081/082,q3,5.27,5.27,-6.83,3.24,5256406.0,133100000.0,3,81
DOLTI,082/083,q4,0.87,0.87,0.87,1.45,4768637.0,549986000.0,4,82
DOLTI,082/083,q3,0.83,0.83,0.83,1.41,3337323.0,536486000.0,3,82
DOLTI,082/083,q2,1.63,3.25,3.25,5.46,8723691.0,536486000.0,2,82
DOLTI,082/083,q1,14.23,14.23,14.23,23.09,19089060.0,536486000.0,1,82
DOLTI,081/082,q4,-5.38,-5.38,-5.38,-9.27,-28884028.0,536486000.0,4,81
DORDI,082/083,q3,6.22,8.27,8.27,7.84,131121913.0,2108520800.0,3,82
DORDI,082/083,q2,0.69,0.69,0.69,0.66,7279176.0,2108520800.0,2,82
DORDI,082/083,q1,1.7,1.7,1.7,1.61,8937890.0,2108520800.0,1,82
DORDI,081/082,q4,-3.36,-3.36,-3.36,-3.22,-70569418.0,2099157900.0,4,81
DORDI,081/082,q3,-4.92,-2.46,-2.46,-5.82,-38913143.0,1054260400.0,3,81
EBL,082/083,q4,36.95,36.95,38.32,15.1,5069936000.0,13721376000.0,4,82
EBL,082/083,q3,32.35,32.35,29.51,13.56,3329316000.0,13721376000.0,3,82
EBL,082/083,q2,30.86,30.86,31.93,13.19,2117116000.0,13721376000.0,2,82
EBL,082/083,q1,36.44,36.44,36.1,14.25,1179274000.0,12944694000.0,1,82
EBL,081/082,q4,37.99,37.99,38.27,16.44,4918165000.0,12944694000.0,4,81
EDBL,082/083,q4,24.76,24.76,14.38,14.85,309400746.84,1249694470.93,4,82
EDBL,082/083,q3,16.61,16.61,12.07,6.77,155717279.97,1249694470.93,3,82
EDBL,082/083,q2,14.17,14.17,12.83,4.1,88536725.32,1249694470.93,2,82
EDBL,082/083,q1,-28.72,-28.72,-20.91,-4.45,-89796910.0,1249694470.0,1,82
EDBL,081/082,q4,3.27,3.27,2.09,1.96,40901480.0,1249694470.0,4,81
EHPL,082/083,q4,3.39,3.39,3.39,4.45,21033372.0,620000000.0,4,82
EHPL,082/083,q3,4.82,6.4,6.4,8.24,29857246.0,620000000.0,3,82
EHPL,082/083,q2,4.95,8.91,9.91,12.72,30710819.0,620000000.0,2,82
EHPL,082/083,q1,2.89,5.14,5.14,15.26,17936450.0,620000000.0,1,82
EHPL,081/082,q4,1.55,1.55,1.55,2.12,9587449.0,620000000.0,4,81
ENL,082/083,q3,4.26,4.26,,0.15,667721.0,555600000.0,3,82
ENL,082/083,q2,6.14,6.14,6.14,5.57,17080728.0,555600000.0,2,82
ENL,082/083,q1,-1.36,-1.36,-1.36,,-1894316.0,555600000.0,1,82
ENL,081/082,q4,1.07,1.07,1.07,0.98,5949048.0,555600000.0,4,81
ENL,081/082,q3,2.07,2.07,2.07,1.37,8614882.0,555600000.0,3,81
FMDBL,082/083,q4,14.18,14.18,10.13,13.74,190728215.0,1344871323.0,4,82
FMDBL,082/083,q3,11.27,11.27,8.62,8.55,113712971.0,1344871323.0,3,82
FMDBL,082/083,q2,10.47,10.47,6.85,8.16,70416296.0,1344871323.0,2,82
FMDBL,082/083,q1,5.01,5.01,10.35,3.78,16840533.0,1344871323.0,1,82
FMDBL,081/082,q4,8.17,8.17,6.72,9.93,109846465.0,1344871323.0,4,81
FOWAD,082/083,q3,13.62,18.15,-33.48,7.56,162835703.0,1195953710.0,3,82
FOWAD,082/083,q2,31.98,31.98,-42.75,9.55,134081878.0,1195953710.0,2,82
FOWAD,082/083,q1,19.12,19.12,-4.69,7.03,57153550.0,1195953710.0,1,82
FOWAD,081/082,q4,5.46,5.46,18.75,2.19,65310431.0,1195953710.0,4,81
FOWAD,081/082,q3,4.03,4.03,11.54,1.59,36180531.0,1195953710.0,3,81
GBBL,082/083,q4,28.04,28.04,20.23,16.94,1688666310.0,6021348367.0,4,82
GBBL,082/083,q3,23.21,23.21,10.42,10.39,1048231023.0,6021348367.0,3,82
GBBL,082/083,q2,21.1,21.1,10.24,13.22,635130809.0,6021348367.0,2,82
GBBL,082/083,q1,17.64,17.64,25.18,10.6,250575180.0,5680517330.0,1,82
GBBL,081/082,q4,23.07,23.07,12.59,14.05,1310392590.0,5680517330.0,4,81
GBIME,082/083,q4,16.34,16.34,12.02,9.13,6227156000.0,38115853000.0,4,82
GBIME,082/083,q3,15.4,15.4,10.5,8.71,4401178000.0,38115853000.0,3,82
GBIME,082/083,q2,17.06,17.06,12.24,9.79,3252117000.0,38115853000.0,2,82
GBIME,082/083,q1,19.51,19.51,22.95,10.87,1858650000.0,38115853000.0,1,82
GBIME,081/082,q4,16.28,16.28,14.11,9.61,6298310000.0,38115853000.0,4,81
GBLBS,082/083,q3,30.0,40.0,9.11,13.52,301588718.0,1005350000.0,3,82
GBLBS,082/083,q2,43.74,43.74,-3.77,15.73,219906871.0,1005350000.0,2,82
GBLBS,082/083,q1,49.68,49.68,-42.4,17.71,122027520.0,982500000.0,1,82
GBLBS,081/082,q4,32.01,32.01,-20.18,21.79,314473722.0,982500000.0,4,81
GBLBS,081/082,q3,33.49,33.49,-28.85,11.86,246813062.0,982500000.0,3,81
GCIL,082/083,q3,-3.16,-4.2,,-0.96,-158668165.0,5024454270.0,3,82
GCIL,082/083,q2,-5.27,-10.54,-10.54,-6.33,-264902707.0,5024454270.0,2,82
GCIL,082/083,q1,-2.8,-11.2,-11.2,-6.02,-128020827.0,4567685700.0,1,82
GCIL,081/082,q4,-14.46,-14.46,-14.46,-7.67,-660379550.0,4567685700.0,4,81
GCIL,081/082,q3,-12.14,-16.18,-16.18,-8.48,-554364151.0,4567685700.0,3,81
GFCL,082/083,q3,14.28,14.28,1.46,6.88,101336496.0,946115200.0,3,82
GFCL,082/083,q2,23.61,23.61,23.61,9.2,111708620.0,946115200.0,2,82
GFCL,082/083,q1,15.81,15.81,,67.75,37384700.0,946115200.0,1,82
GFCL,081/082,q4,0.54,0.54,17.78,0.03,5119394.0,946115200.0,4,81
GFCL,081/082,q3,2.15,2.15,-38.27,1.07,15222317.0,946115200.0,3,81
GHL,082/083,q3,-1.61,-2.18,-2.18,-2.3,-26607570.11,1620000000.0,3,82
GHL,082/083,q2,1.03,-2.06,-2.06,-2.16,-17025303.76,1650000000.0,2,82
GHL,082/083,q1,-1.05,-4.22,-4.22,,-17388073.12,1650000000.0,1,82
GHL,081/082,q4,-1.91,-1.91,-1.91,-2.1,-33391571.41,1650000000.0,4,81
GHL,081/082,q3,-1.49,-1.49,-1.49,-1.44,-24642433.25,1650000000.0,3,81
GILB,082/083,q3,45.16,45.16,19.92,20.98,219594481.0,648297797.0,3,82
GILB,082/083,q2,32.67,32.67,9.8,16.56,105905607.0,648297797.0,2,82
GILB,082/083,q1,40.19,40.19,23.08,18.26,62179330.0,618900045.0,1,82
GILB,081/082,q4,38.11,38.11,27.77,17.7,235872006.0,618900045.0,4,81
GILB,081/082,q3,32.39,32.39,14.34,16.06,150331867.0,618900045.0,3,81
GLBSL,082/083,q3,40.62,40.62,30.39,18.04,40327577.44,132358053.75,3,82
GLBSL,082/083,q2,40.22,40.22,11.16,25.25,26620450.4,132358053.75,2,82
GLBSL,082/083,q1,50.03,50.03,22.17,29.04,14488973.99,115849500.0,1,82
GLBSL,081/082,q4,34.17,34.17,34.17,21.79,39583450.0,115849500.0,4,81
GLBSL,081/082,q3,31.2,31.2,31.2,21.33,27112930.0,115849500.0,3,81
GLH,082/083,q2,2.09,2.09,2.09,1.25,18804055.0,1800000000.0,2,82
GLH,082/083,q3,2.18,2.18,2.18,1.95,29411077.0,1800000000.0,3,82
GLH,081/082,q3,1.91,1.91,1.91,1.75,25745362.0,1800000000.0,3,81
GLH,081/082,q2,-1.41,-1.41,,,-12683940.0,1800000000.0,2,81
GLH,081/082,q1,-1.29,-1.29,-1.29,,-5814250.0,1800000000.0,1,81
GMFBS,082/083,q3,53.71,53.71,-2.7,31.6,61044929.64,151554532.5,3,82
GMFBS,082/083,q2,-4.71,-4.71,7.06,-2.54,-3569463.86,151554532.5,2,82
GMFBS,082/083,q1,30.67,30.67,18.43,15.7,11621770.13,151554532.5,1,82
GMFBS,081/082,q4,28.04,28.04,17.42,15.8,42503094.68,151554532.5,4,81
GMFBS,081/082,q3,20.51,20.51,5.55,12.44,23310231.36,151554532.0,3,81
GMFIL,082/083,q3,6.0,6.0,-0.72,3.56,45567000.0,1012176000.0,3,82
GMFIL,082/083,q2,3.33,3.33,-3.19,2.02,16848000.0,1012176000.0,2,82
GMFIL,082/083,q1,-3.04,-12.12,-14.4,-7.73,-30766000.0,1012176000.0,1,82
GMFIL,081/082,q4,2.76,2.76,1.41,0.28,27958000.0,1012176000.0,4,81
GMFIL,081/082,q3,4.28,4.28,-4.34,2.75,32490000.0,1012176000.0,3,81
GMLI,082/083,q3,2.59,,2.59,2.42,14583898.0,750000000.0,3,82
GMLI,082/083,q2,3.53,3.53,3.53,3.31,13253742.0,750000000.0,2,82
GMLI,082/083,q1,3.78,3.78,3.78,3.56,7084621.0,750000000.0,1,82
GMLI,081/082,q4,8.02,8.02,8.02,7.4,60182965.0,750000000.0,4,81
GMLI,081/082,q3,4.88,4.88,4.88,4.72,27429580.0,750000000.0,3,81
GRDBL,082/083,q3,7.63,7.63,4.47,6.52,35240100.0,615500000.0,3,82
GRDBL,082/083,q2,3.58,3.58,1.5,1.58,11002899.0,615500000.0,2,82
GRDBL,082/083,q1,-21.66,-21.66,4.35,-18.05,-30156650.0,569698500.0,1,82
GRDBL,081/082,q4,12.18,12.18,10.67,10.01,69408395.0,569698500.0,4,81
GRDBL,081/082,q3,5.27,5.27,,3.29,21284908.0,569698500.0,3,81
GUFL,082/083,q3,19.89,19.89,-67.06,12.57,129474705.0,867993800.0,3,82
GUFL,082/083,q2,14.21,14.21,-70.99,9.56,61657322.0,867993800.0,2,82
GUFL,082/083,q1,-19.55,-19.55,-304.44,-14.57,-42415130.0,867993800.0,1,82
GUFL,081/082,q4,-14.68,-14.68,-14.68,-1.17,-127394548.0,867993800.0,4,81
GUFL,081/082,q3,-9.55,-9.55,-63.54,-6.43,-62182113.0,867993800.0,3,81
GVL,082/083,q3,14.38,19.13,19.13,15.21,494414696.0,3437500000.0,3,82
GVL,082/083,q2,13.58,27.16,27.16,21.73,466745655.0,3437500000.0,2,82
GVL,082/083,q1,8.81,35.35,35.35,29.17,302893567.0,3437500000.0,1,82
GVL,081/082,q4,11.34,11.34,11.34,10.22,389657497.0,3437500000.0,4,81
GVL,081/082,q3,10.87,10.87,10.87,12.93,373518129.0,3437500000.0,3,81
HATHY,082/083,q3,0.95,0.95,0.95,1.41,22610405.0,1585584000.0,3,82
HATHY,082/083,q2,1.23,1.23,1.23,1.82,19443037.0,1585584000.0,2,82
HATHY,082/083,q1,0.56,0.56,0.56,0.91,4423406.0,1585584000.0,1,82
HATHY,081/082,q4,2.29,2.29,2.29,3.04,64947721.0,1415700000.0,4,81
HATHY,081/082,q3,1.85,1.82,1.82,2.36,39265375.0,1415700000.0,3,81
HBL,082/083,q3,4.5,4.5,-46.36,2.69,762536317.0,22581662532.0,3,82
HBL,082/083,q2,11.45,11.45,-40.18,6.81,1292681914.0,22581662532.0,2,82
HBL,082/083,q1,12.45,12.45,,7.2,702894979.0,22581662532.0,1,82
HBL,081/082,q4,6.98,6.98,-32.79,4.06,1512532119.0,21656615632.0,4,81
HBL,081/082,q3,3.08,3.08,-34.0,1.8,500048141.0,21656615632.0,3,81
HDHPC,082/083,q3,,-2.45,-2.45,-5.87,-91600357.92,2800000000.0,3,82
HDHPC,082/083,q2,-4.32,-4.32,-4.32,-5.25,-60494168.21,2800000000.0,2,82
HDHPC,082/083,q1,2.3,2.33,2.33,2.98,16286320.0,2800000000.0,1,82
HDHPC,081/082,q4,-1.44,-1.44,-1.44,-1.9,-40356302.14,2800000000.0,4,81
HDHPC,081/082,q1,0.19,0.75,0.75,0.97,5256890.0,2800000000.0,1,81
HDL,082/083,q3,30.78,30.78,30.78,23.29,851305526.0,3688082175.0,3,82
HDL,082/083,q2,24.31,24.31,24.31,20.12,448367374.0,3688082175.0,2,82
HDL,082/083,q1,11.75,11.75,11.75,8.49,90258160.0,3073401810.0,1,82
HDL,081/082,q4,31.02,31.02,31.02,22.83,953263668.0,3073401812.0,4,81
HDL,081/082,q3,32.08,32.08,32.08,24.88,739241559.0,3073401813.0,3,81
HEI,082/083,q3,5.9,5.9,5.9,2.87,110568874.0,2500157400.0,3,82
HEI,082/083,q2,1.26,1.26,1.26,0.6,15755111.0,2500157400.0,2,82
HEI,082/083,q1,-4.37,-4.37,-4.37,-8.49,-109337400.0,2500157400.0,1,82
HEI,081/082,q4,21.29,21.29,21.29,10.12,532335530.0,2500157400.0,4,81
HEI,081/082,q3,17.73,17.73,17.73,8.8,332379500.0,2500157400.0,3,81
HFIN,082/083,q3,-12.07,-12.07,-12.07,-10.9,-54062158.0,2000000000.0,3,82
HHL,082/083,q3,6.22,6.22,6.22,4.03,68055422.0,1095000000.0,3,82
HHL,082/083,q2,5.39,10.78,10.78,12.94,59045719.0,1095000000.0,2,82
HHL,082/083,q1,3.32,3.32,3.32,16.33,36333755.0,1095000000.0,1,82
HHL,081/082,q4,6.37,6.37,6.37,8.12,69771673.0,1095000000.0,4,81
HHL,081/082,q3,7.83,7.83,7.83,10.03,64198316.0,1095000000.0,3,81
HIDCL,082/083,q3,2.93,2.93,,2.59,546986000.0,24928211000.0,3,82
HIDCL,082/083,q2,3.23,3.23,3.23,2.88,402244000.0,24928211000.0,2,82
HIDCL,082/083,q1,3.16,3.16,3.16,2.72,193976000.0,24559813000.0,1,82
HIDCL,081/082,q4,3.97,3.97,3.97,3.45,973893000.0,24559813000.0,4,81
HIDCL,081/082,q3,3.96,3.6,3.96,3.45,728985000.0,24559813000.0,3,81
HIMSTAR,082/083,q3,-73.09,-73.09,-73.09,-31.78,-70389037.0,373000000.0,3,82
HIMSTAR,082/083,q2,-2.92,-5.84,-5.84,-6.13,-10889732.0,373000000.0,2,82
HIMSTAR,082/083,q1,0.59,0.59,0.59,0.6,552582.0,373000000.0,1,82
HIMSTAR,081/082,q4,-0.21,-0.21,-0.21,,-558234.0,373000000.0,4,81
HLBSL,082/083,q4,31.26,31.26,27.31,22.41,106610032.0,341086036.0,4,82
HLBSL,082/083,q3,31.68,31.68,20.91,17.76,81054163.0,341086036.0,3,82
HLBSL,082/083,q2,26.24,26.24,16.14,15.68,44742733.0,341086036.0,2,82
HLBSL,082/083,q1,25.9,25.9,22.34,15.15,20708175.0,319818200.0,1,82
HLBSL,081/082,q4,28.7,28.7,19.76,16.75,91773292.0,319818200.0,4,81
HLI,082/083,q3,3.81,,3.81,3.79,261444376.0,9143237306.0,3,82
HLI,082/083,q2,4.52,4.52,4.52,4.23,206737353.0,9143237306.0,2,82
HLI,082/083,q1,5.59,5.59,5.59,5.29,127759480.0,9143237310.0,1,82
HLI,081/082,q4,5.98,5.98,5.98,11.35,546974000.0,9143237000.0,4,81
HLI,081/082,q3,6.89,6.89,6.89,5.94,472400661.0,9143237306.0,3,81
HPPL,082/083,q3,11.82,15.72,15.72,12.3,125959377.0,1065417000.0,3,82
HPPL,082/083,q2,10.05,20.1,10.05,15.95,107055650.0,1065417000.0,2,82
HPPL,082/083,q1,6.0,24.0,24.0,19.61,63877720.0,1065417000.0,1,82
HPPL,081/082,q4,6.82,6.82,6.82,5.87,72625222.0,1065417000.0,4,81
HPPL,081/082,q3,5.43,7.24,7.24,6.31,57813481.0,1065417000.0,3,81
HRL,082/083,q3,-0.54,-0.54,,-0.36,-44352833.0,10868000000.0,3,82
HRL,082/083,q2,11.92,11.92,11.92,7.59,647466741.0,10868000000.0,2,82
HRL,082/083,q1,9.13,9.13,9.13,5.87,245814977.0,10868000000.0,1,82
HRL,081/082,q4,12.82,12.82,12.82,8.2,1390309152.0,10868000000.0,4,81
HRL,081/082,q3,12.68,12.68,12.68,7.89,989304178.0,10400000000.0,3,81
HURJA,082/083,q4,7.57,7.57,7.57,7.72,149917964.69,1980000000.0,4,82
HURJA,082/083,q3,2.99,3.98,3.98,4.25,59216337.29,1980000000.0,3,82
HURJA,082/083,q2,5.28,10.56,10.56,11.02,104550723.78,1980000000.0,2,82
HURJA,082/083,q1,13.38,13.38,13.38,14.24,66232426.96,1980000000.0,1,82
HURJA,081/082,q4,2.34,2.34,2.34,2.57,46239185.98,1980000000.0,4,81
ICFC,082/083,q4,22.33,22.33,11.98,11.79,264224940.0,1183470960.0,4,82
ICFC,082/083,q3,11.62,11.62,1.38,6.56,103122025.0,1183470960.0,3,82
ICFC,082/083,q2,5.41,5.41,-39.6,3.18,32030153.0,1183470960.0,2,82
ICFC,082/083,q1,7.59,7.59,53.16,4.13,22455412.0,1183470960.0,1,82
ICFC,081/082,q4,29.15,29.15,20.28,15.78,344943829.0,1183470960.0,4,81
IGI,082/083,q3,0.02,0.02,,0.11,438069.0,3029334639.0,3,82
IGI,082/083,q2,-11.96,-11.96,-11.96,-6.79,-181132902.0,3029334639.0,2,82
IGI,082/083,q1,-6.85,-6.85,-6.85,-15.28,-207601510.0,3029334640.0,1,82
IGI,081/082,q4,12.05,12.05,12.05,6.36,364974070.0,3029334640.0,4,81
IGI,081/082,q3,11.67,11.67,11.67,6.3,265101770.0,3029334640.0,3,81
IHL,082/083,q3,2.64,2.64,2.64,2.02,11871121.0,600000000.0,3,82
IHL,082/083,q2,4.5,4.5,4.5,4.59,13511815.0,600000000.0,2,82
IHL,082/083,q1,3.73,3.73,3.73,3.86,5601888.0,600000000.0,1,82
IHL,081/082,q4,0.53,0.53,0.53,0.56,3201493.0,600000000.0,4,81
IHL,081/082,q3,-6.57,-6.57,-6.57,-7.31,-29574806.0,600000000.0,3,81
ILBS,082/083,q3,20.31,20.31,-1.62,14.47,75782073.0,497415943.0,3,82
ILBS,082/083,q2,24.07,24.07,-4.62,17.59,59866113.0,497415942.0,2,82
ILBS,082/083,q1,25.31,25.31,18.45,15.53,31477026.0,497415942.0,1,82
ILBS,081/082,q4,18.85,18.85,16.08,12.03,93755043.0,497415942.0,4,81
ILBS,081/082,q3,0.18,0.18,4.55,0.13,661182.0,497415942.0,3,81
ILI,082/083,q3,9.81,,9.81,6.44,367916114.0,5000000000.0,3,82
ILI,082/083,q2,10.83,10.83,10.83,8.38,270658525.0,5000000000.0,2,82
ILI,082/083,q1,12.67,12.67,12.67,9.22,158314060.0,5000000000.0,1,82
ILI,081/082,q4,11.67,11.67,11.67,8.42,621084330.0,5000000000.0,4,81
ILI,081/082,q3,9.77,9.77,9.77,7.36,366333096.0,5000000000.0,3,81
JBBL,082/083,q4,22.88,22.88,3.28,13.38,1005952993.0,4395785886.0,4,82
JBBL,082/083,q3,19.09,19.09,,11.68,629462399.0,4395785886.0,3,82
JBBL,082/083,q2,14.16,14.16,-35.15,9.16,311271404.0,4395785886.0,2,82
JBBL,082/083,q1,6.4,6.4,-17.71,4.3,70334510.0,4395785890.0,1,82
JBBL,081/082,q4,0.28,0.28,-17.75,0.19,12378830.0,4395785890.0,4,81
JBLB,082/083,q3,47.73,47.73,59.7,2.55,626927763.0,1751235562.0,3,82
JBLB,082/083,q2,50.65,50.65,71.86,18.28,389037474.0,1536171546.0,2,82
JBLB,082/083,q1,37.98,37.98,67.79,12.93,145859060.0,1536171550.0,1,82
JBLB,081/082,q4,48.2,48.2,62.4,18.71,740363756.0,1536171546.0,4,81
JBLB,081/082,q3,30.87,30.87,41.23,13.2,355688469.0,1536171546.0,3,81
JFL,082/083,q4,1.35,1.35,-163.3,-151.85,9343975.12,690472800.0,4,82
JFL,082/083,q3,-5.62,-5.62,-5.62,86.77,-29089555.25,690472800.0,3,82
JFL,082/083,q2,-6.48,-6.48,-6.48,118.16,-22383533.84,690472800.0,2,82
JFL,082/083,q1,1.05,1.05,1.04,-54.07,1846000.0,690472800.0,1,82
JFL,081/082,q4,-30.02,-30.02,-30.02,-4.11,-207284112.77,690472800.0,4,81
JHAPA,082/083,q3,5.63,5.63,5.63,5.49,16062415.0,380190000.0,3,82
JHAPA,082/083,q2,5.53,5.53,5.53,5.48,10521313.0,380190000.0,2,82
JOSHI,082/083,q2,-3.58,-7.17,-7.17,-10.56,-21958555.0,612810000.0,2,82
JOSHI,081/082,q4,-8.55,-8.55,-8.55,-19.07,-31743569.0,371400000.0,4,81
JOSHI,081/082,q3,-6.4,-6.4,-6.4,-13.18,-17835690.0,371400000.0,3,81
JOSHI,081/082,q2,-4.06,-4.06,,,-7528229.08,371400000.0,2,81
JOSHI,081/082,q1,-1.29,-5.16,,,-4808324.0,371400000.0,1,81
JSLBB,082/083,q3,8.07,8.07,-1.01,4.72,10318529.0,170091900.0,3,82
JSLBB,082/083,q2,11.8,11.8,-10.03,6.9,10032586.0,170091900.0,2,82
JSLBB,082/083,q1,2.11,2.11,2.11,1.26,896960.0,170091900.0,1,82
JSLBB,081/082,q4,8.61,8.61,8.61,570.51,14650470.0,170091900.0,4,81
JSLBB,081/082,q3,-6.74,-6.74,-6.74,-4.64,-8594170.0,170091900.0,3,81
KBL,082/083,q4,28.17,28.17,3.02,16.49,7557823607.0,26225861340.0,4,82
KBL,082/083,q3,21.24,21.24,-7.59,13.4,4178048409.0,26225861340.0,3,82
KBL,082/083,q2,20.74,20.74,-11.39,13.72,2720085585.0,26225861340.0,2,82
KBL,082/083,q1,16.11,16.11,-17.17,11.1,1056531165.0,26225861340.0,1,82
KBL,081/082,q4,8.07,8.07,-10.65,5.68,2116409051.0,26225861340.0,4,81
KBSH,082/083,q3,9.93,9.93,9.93,7.61,10986970.0,147459675.0,3,82
KBSH,082/083,q2,12.21,12.21,12.21,8.76,8320444.0,134054250.0,2,82
KBSH,082/083,q1,7.59,7.59,7.59,5.52,2544043.0,134054250.0,1,82
KBSH,081/082,q4,6.67,6.67,6.67,4.88,8938711.0,134054250.0,4,81
KBSH,081/082,q3,10.05,10.05,10.05,7.28,10100967.0,134054250.0,3,81
KDL,082/083,q4,9.16,9.16,9.16,8.38,57684461.0,630000000.0,4,82
KDL,082/083,q3,10.52,10.52,10.52,9.72,49718938.0,630000000.0,3,82
KDL,082/083,q2,3.97,3.97,3.97,4.0,11993523.0,600000000.0,2,82
KDL,082/083,q1,-0.56,-2.24,-2.24,-2.12,-3386730.0,600000000.0,1,82
KDL,081/082,q4,4.73,4.73,4.73,4.4,27802863.0,600000000.0,4,81
KHPL,082/083,q3,0.29,0.38,0.38,0.36,1183630.0,550000000.0,3,82
KKHC,082/083,q3,-1.56,2.08,,2.33,-14555206.0,931428600.0,3,82
KKHC,082/083,q2,-0.74,-1.49,-1.49,-1.67,-6933360.0,931428600.0,2,82
KKHC,082/083,q1,-2.14,-8.12,-8.12,-8.54,-18914898.0,885493700.0,1,82
KKHC,081/082,q4,-7.51,-7.51,-7.51,-10.29,-34990872.0,465714300.0,4,81
KKHC,081/082,q3,-10.57,-14.09,-10.57,,-49213432.0,465714300.0,3,81
KMCDB,082/083,q4,27.4,27.4,19.68,15.33,122883804.0,448461535.0,4,82
KMCDB,082/083,q3,3.28,4.37,0.18,2.82,14714348.0,448461535.0,3,82
KMCDB,082/083,q2,26.09,26.09,14.88,15.84,58499435.0,448461535.0,2,82
KMCDB,082/083,q1,19.96,19.96,9.42,10.42,20340043.0,407692305.0,1,82
KMCDB,081/082,q4,26.51,26.51,15.19,14.21,108068522.0,407692305.0,4,81
KPCL,082/083,q3,12.77,12.77,12.77,10.32,89475509.0,933949500.0,3,82
KPCL,082/083,q2,15.02,15.02,15.02,13.22,75060357.0,999325965.0,2,82
KPCL,082/083,q1,19.4,19.4,,19.4,45292288.0,933949500.0,1,82
KPCL,081/082,q4,10.08,10.08,10.08,10.08,94182237.0,933949500.0,4,81
KPCL,081/082,q3,12.59,12.59,12.59,11.16,88188547.0,1015403457.0,3,81
KRBL,081/082,q1,-3.95,-3.94,,,-19829007.0,502830000.0,1,81
KRBL,080/081,q3,5.73,,,7.22,28807595.0,502830000.0,3,80
KRBL,080/081,q2,9.51,,,,47830691.0,502830000.0,2,80
KRBL,080/081,q1,8.13,,6.6,,40861043.0,502830000.0,1,80
KRBL,079/080,q4,8.81,,9.8,7.32,44313474.0,502830000.0,4,79
KSBBL,082/083,q4,22.75,22.75,15.16,13.87,894178126.0,4211930815.0,4,82
KSBBL,082/083,q3,20.05,20.05,14.15,12.45,588698721.0,4211930815.0,3,82
KSBBL,082/083,q2,20.43,20.43,15.32,12.93,394550569.0,3861930815.0,2,82
KSBBL,082/083,q1,20.46,20.46,14.01,13.37,197584139.0,3861930815.0,1,82
KSBBL,081/082,q4,18.1,18.1,17.3,10.76,635297080.0,3510846195.0,4,81
LBBL,082/083,q4,23.48,23.48,16.99,10.99,851015562.0,3623678162.0,4,82
LBBL,082/083,q3,20.67,20.67,14.39,10.04,561683379.0,3623678162.0,3,82
LBBL,082/083,q2,15.75,15.75,12.14,8.0,285377308.0,3623678162.0,2,82
LBBL,082/083,q1,-38.44,-38.44,-4.79,-20.65,-348577710.0,3623678160.0,1,82
LBBL,081/082,q4,10.48,10.48,8.13,5.44,379884860.0,3623678160.0,4,81
LEC,082/083,q3,0.45,0.6,0.6,0.85,10088938.79,2250000000.0,3,82
LEC,082/083,q2,-0.39,-0.77,-0.77,-1.12,-8737421.37,2250000000.0,2,82
LEC,082/083,q1,-0.73,-2.91,-2.99,0.0,-16389620.0,2250000000.0,1,82
LEC,081/082,q4,-1.84,-1.84,-1.84,-2.61,-41342330.67,2250000000.0,4,81
LEC,081/082,q3,-1.09,-1.46,-1.46,-0.65,-24571147.98,2250000000.0,3,81
LICN,082/083,q3,7.77,,7.77,4.39,320467338.0,5500000000.0,3,82
LICN,082/083,q2,8.17,8.17,8.17,4.68,224558983.0,5500000000.0,2,82
LICN,082/083,q1,7.88,7.88,7.88,4.3,108370090.0,5500000000.0,1,82
LICN,081/082,q4,5.74,5.74,5.74,3.06,315893980.0,5500000000.0,4,81
LICN,081/082,q3,6.29,6.29,6.29,3.16,236022082.0,5000000000.0,3,81
LLBS,082/083,q3,17.29,17.29,11.47,8.94,57265340.0,441662100.0,3,82
LLBS,082/083,q2,15.31,15.31,7.81,8.16,33815229.0,441662100.0,2,82
LLBS,082/083,q1,27.99,27.99,2.64,15.6,30909030.0,441662100.0,1,82
LLBS,081/082,q4,4.44,4.44,4.19,2.75,19600136.0,441662100.0,4,81
LLBS,081/082,q3,15.17,15.17,5.34,9.02,50239919.0,441662100.0,3,81
LSL,082/083,q3,10.15,10.15,1.93,5.89,2038184000.0,26781163000.0,3,82
LSL,082/083,q2,-2.04,-2.04,-3.15,-1.22,-273615000.0,26781163000.0,2,82
LSL,082/083,q1,5.46,5.46,10.78,2.95,332331000.0,24346512000.0,1,82
LSL,081/082,q4,16.91,16.91,12.34,9.58,4116967000.0,24346512000.0,4,81
LSL,081/082,q3,9.05,9.05,3.17,5.28,1652163000.0,24346512000.0,3,81
MABEL,082/083,q2,2.33,2.33,2.33,2.26,4504127.0,385824000.0,2,82
MABEL,082/083,q3,2.33,-2.92,-2.92,0.06,173117.0,385824000.0,3,82
MABEL,082/083,q1,-5.11,-5.11,,-1.65,-1643190.0,385824000.0,1,82
MAKAR,082/083,q4,10.3,10.3,10.3,8.98,78243927.0,760000000.0,4,82
MAKAR,082/083,q3,11.46,15.28,13.28,9.94,87117473.0,760000000.0,3,82
MAKAR,082/083,q2,10.53,21.06,21.06,18.33,80014741.0,760000000.0,2,82
MAKAR,082/083,q1,14.78,14.78,14.78,13.69,28087218.0,760000000.0,1,82
MAKAR,081/082,q4,6.51,6.51,6.51,6.22,49492461.0,760000000.0,4,81
MANDU,082/083,q4,23.36,23.36,23.36,14.34,318551200.0,1363637000.0,4,82
MANDU,082/083,q3,18.21,24.27,24.27,15.19,248265539.0,1363637000.0,3,82
MANDU,082/083,q2,13.43,26.85,26.85,17.57,183087934.0,1363637000.0,2,82
MANDU,082/083,q1,3.69,14.74,14.74,10.3,50257201.0,1363637000.0,1,82
MANDU,081/082,q4,4.3,4.3,4.3,3.09,58639857.0,1363637000.0,4,81
MATRI,082/083,q3,11.34,15.11,-77.93,11.4,71230478.0,628357337.0,3,82
MATRI,082/083,q2,11.25,11.25,-82.33,9.38,35349418.0,628357337.0,2,82
MATRI,082/083,q1,-3.14,-3.14,-15.61,-6.78,-19707920.0,628357340.0,1,82
MATRI,081/082,q4,-9.22,-9.22,-17.61,-5.03,-57948682.0,628357337.0,4,81
MATRI,081/082,q3,-9.24,-9.24,-7.61,-4.66,-43544393.0,628357337.0,3,81
MBJC,082/083,q3,1.71,1.71,1.71,0.46,76741660.0,6000000000.0,3,82
MBJC,082/083,q2,2.04,2.04,2.04,2.16,61223860.0,6000000000.0,2,82
MBJC,082/083,q1,1.1,1.1,1.1,1.17,16494650.0,6000000000.0,1,82
MBJC,081/082,q4,-0.68,-0.68,-0.68,-0.73,-41080000.0,6000000000.0,4,81
MBJC,081/082,q3,-0.61,-0.61,-0.61,-0.65,-27491250.0,6000000000.0,3,81
MBL,082/083,q3,18.3,18.3,7.81,10.9,1658659813.0,15086211564.0,3,82
MBL,082/083,q2,16.73,16.73,7.22,10.52,1011173462.0,12086211564.0,2,82
MBL,082/083,q1,13.83,13.83,-3.78,8.95,417956340.0,12086211560.0,1,82
MBL,081/082,q4,17.31,17.31,9.23,11.13,2011461519.0,11621357273.0,4,81
MBL,081/082,q3,12.65,12.65,0.36,8.34,1102627843.0,11621357273.0,3,81
MCHL,082/083,q3,0.93,0.93,0.93,-3.87,3770520.0,542583300.0,3,82
MCHL,082/083,q2,5.29,5.29,5.29,-24.12,14347144.0,542583300.0,2,82
MCHL,081/082,q4,-45.03,,,-598.09,-464859660.0,542583300.0,4,81
MCHL,081/082,q3,-45.03,-45.03,-45.03,,-464859660.0,542583300.0,3,81
MCHL,081/082,q2,-38.76,-38.76,,,-386769585.0,542583300.0,2,81
MDB,082/083,q4,11.6,11.6,11.73,8.15,141215829.0,1217100000.0,4,82
MDB,082/083,q3,10.54,10.54,9.9,7.51,96218802.0,1217100000.0,3,82
MDB,082/083,q2,9.37,9.37,7.76,6.75,57005633.0,1217100000.0,2,82
MDB,082/083,q1,8.29,8.29,18.31,5.79,25223268.0,1217100000.0,1,82
MDB,081/082,q4,10.71,10.71,12.83,7.59,130402070.0,1217100000.0,4,81
MEGA,079/080,q1,12.63,,,8.9,509169278.0,16120461453.0,1,79
MEGA,078/079,q4,17.57,,10.14,12.31,2831864380.0,16120461453.0,4,78
MEGA,078/079,q3,16.77,,,12.19,2014534190.0,16120461450.0,3,78
MEGA,078/079,q2,17.368138289111794,,,13.038867802243223,1399912019.0,16120461453.0,2,78
MEGA,078/079,q1,24.24,,,17.18,914686689.0,14654964958.0,1,78
MEHL,082/083,q4,1.73,1.73,1.73,2.68,13876185.0,800000000.0,4,82
MEHL,082/083,q3,0.93,1.23,1.23,1.94,7403650.0,800000000.0,3,82
MEHL,082/083,q2,2.33,4.66,4.66,7.41,18646932.0,800000000.0,2,82
MEHL,082/083,q1,2.44,9.76,9.76,14.74,19520098.0,800000000.0,1,82
MEHL,081/082,q4,-2.6,-2.6,-2.6,-4.08,-20799312.0,800000000.0,4,81
MEL,082/083,q3,-3.11,-3.11,-3.11,5.29,67669000.0,2900000000.0,3,82
MEL,082/083,q2,-4.31,-4.31,-4.31,-7.32,-62454000.0,2900000000.0,2,82
MEL,082/083,q1,-5.64,-5.64,-5.64,-9.5,-41168000.0,2900000000.0,1,82
MEL,081/082,q4,-3.27,-3.27,-3.27,-5.5,-97403000.0,2900000000.0,4,81
MEL,081/082,q3,-3.43,-3.43,-3.43,-5.54,-74517000.0,2900000000.0,3,81
MEN,082/083,q4,25.52,25.52,25.52,16.93,797043756.0,3123258850.0,4,82
MEN,082/083,q3,16.89,22.47,22.47,15.8,527633110.0,3123258850.0,3,82
MEN,082/083,q2,17.34,34.68,17.34,24.3,541449548.0,3123258850.0,2,82
MEN,082/083,q1,16.27,65.09,,38.79,423496693.0,2602715708.0,1,82
MEN,081/082,q4,24.17,24.17,24.17,15.89,629075947.0,2602715708.0,4,81
MERO,082/083,q3,13.33,13.33,10.16,8.75,148575606.0,1486402500.0,3,82
MERO,082/083,q2,13.88,13.88,10.39,8.91,98512167.0,1419000000.0,2,82
MERO,082/083,q1,-3.43,-3.43,6.41,-2.18,-12177479.0,1419000000.0,1,82
MERO,081/082,q4,15.23,15.23,7.97,9.63,216090214.0,1419000000.0,4,81
MERO,081/082,q3,12.15,12.15,-0.95,7.95,129355514.0,1419000000.0,3,81
MFIL,082/083,q3,21.6,21.6,22.6,8.89,218910213.0,1351552849.0,3,82
MFIL,082/083,q2,20.03,20.03,17.43,11.43,135378530.0,1351552849.0,2,82
MFIL,082/083,q1,13.73,13.73,41.81,8.16,46394860.0,1351552850.0,1,82
MFIL,081/082,q4,23.26,23.26,26.22,12.86,314382968.0,1351552849.0,4,81
MFIL,081/082,q3,16.88,16.88,15.07,9.92,171119377.0,1351552849.0,3,81
MHCL,082/083,q3,7.8,10.38,10.38,11.81,62615126.0,802500000.0,3,82
MHCL,082/083,q2,8.4,16.81,8.4,18.99,67441338.0,802500000.0,2,82
MHCL,082/083,q1,5.09,20.36,,23.9,40837338.0,802500000.0,1,82
MHCL,081/082,q4,3.4,3.4,3.4,4.25,27324418.0,802500000.0,4,81
MHCL,081/082,q3,3.76,5.02,5.02,6.24,30196599.0,802500000.0,3,81
MHL,082/083,q3,8.47,8.47,8.47,7.45,41086507.0,646767085.0,3,82
MHL,082/083,q2,11.14,11.14,11.14,9.89,36036711.0,646767085.0,2,82
MHL,082/083,q1,15.07,15.07,15.07,13.53,24365990.0,646767000.0,1,82
MHL,081/082,q4,6.17,6.17,6.17,5.75,39897121.0,646767100.0,4,81
MHL,081/082,q3,7.56,7.56,7.56,7.09,36679890.0,646767100.0,3,81
MHNL,082/083,q3,6.14,8.17,8.17,,76743926.0,1250000000.0,3,82
MHNL,082/083,q2,0.57,1.14,0.57,3.67,7140104.0,1250000000.0,2,82
MHNL,082/083,q1,6.79,27.17,27.17,27.17,84906010.0,1250000000.0,1,82
MHNL,081/082,q4,-33.29,-33.29,-33.29,-139.88,-416064539.0,1250000000.0,4,81
MHNL,081/082,q3,-31.42,-41.89,-41.89,-164.91,-392717134.0,1250000000.0,3,81
MKCL,082/083,q3,-3.49,-3.49,-3.49,-3.35,-19762751.0,756000000.0,3,82
MKCL,082/083,q2,4.69,4.69,4.69,2.16,17726739.0,756000000.0,2,82
MKCL,082/083,q1,6.29,6.29,6.29,5.38,11007167.0,700000000.0,1,82
MKCL,081/082,q4,14.36,14.36,14.36,13.17,100532914.0,700000000.0,4,81
MKCL,081/082,q3,4.28,4.28,4.28,4.33,22449033.0,700000000.0,3,81
MKHC,082/083,q4,1.58,1.58,1.58,2.57,15850000.0,1000000000.0,4,82
MKHC,082/083,q3,3.99,3.99,3.99,6.16,29250000.0,1000000000.0,3,82
MKHC,082/083,q2,8.96,8.96,8.96,13.56,43818000.0,1000000000.0,2,82
MKHC,082/083,q1,11.37,11.37,11.37,18.0,28419000.0,1000000000.0,1,82
MKHC,081/082,q4,-6.36,-6.36,-6.36,-10.92,-63581000.0,1000000000.0,4,81
MKHL,082/083,q3,3.92,3.92,3.92,3.77,11538450.0,392156800.0,3,82
MKHL,082/083,q2,-3.24,-3.24,-3.24,-3.26,-6352978.0,392156800.0,2,82
MKHL,082/083,q1,5.59,5.59,5.59,5.46,5483456.0,392156800.0,1,82
MKHL,081/082,q4,0.68,0.68,0.68,0.68,2674506.0,392156800.0,4,81
MKHL,081/082,q3,0.83,0.83,0.83,0.82,2449840.0,392156800.0,3,81
MKJC,082/083,q4,0.46,0.46,0.46,0.45,1732661.0,376319800.0,4,82
MKJC,082/083,q3,4.09,4.09,3.09,3.91,11556272.0,376319800.0,3,82
MKJC,082/083,q2,9.4,9.4,9.4,8.85,17677959.0,376319800.0,2,82
MKJC,082/083,q1,10.31,10.31,,9.9,9697100.0,376319800.0,1,82
MKJC,081/082,q4,0.93,0.93,0.93,0.92,3506655.0,376319800.0,4,81
MLBBL,082/083,q4,20.07,20.07,12.8,11.95,51357077.41,255843621.85,4,82
MLBBL,082/083,q3,32.4,38.36,14.57,19.16,73597294.62,255843621.85,3,82
MLBBL,082/083,q2,47.22,47.22,9.77,21.11,52871724.99,223933148.23,2,82
MLBBL,082/083,q1,60.09,60.09,34.8,28.49,33637920.0,223933150.0,1,82
MLBBL,081/082,q4,37.58,37.58,37.58,19.65,84153010.0,223933150.0,4,81
MLBL,082/083,q4,13.96,13.96,10.31,8.66,629951628.0,4511281066.0,4,82
MLBL,082/083,q3,13.59,13.59,2.44,8.37,459964152.0,4511281066.0,3,82
MLBL,082/083,q2,14.24,14.24,1.62,8.62,305931089.0,4296458158.0,2,82
MLBL,082/083,q1,9.08,9.08,7.22,5.49,97512436.0,4296458158.0,1,82
MLBL,081/082,q4,11.79,11.79,11.51,7.1,506665440.0,4296458160.0,4,81
MLBS,082/083,q3,16.06,16.06,-16.06,11.72,13174850.0,109375000.0,3,82
MLBS,082/083,q2,16.22,16.22,-17.82,11.77,8868397.0,109375000.0,2,82
MLBS,082/083,q1,15.69,15.69,-74.94,11.74,4291028.0,109375000.0,1,82
MLBS,081/082,q4,11.92,11.92,15.6,9.47,13034566.0,109375000.0,4,81
MLBS,081/082,q3,11.38,11.38,-27.83,9.25,9331124.0,109375000.0,3,81
MLBSL,082/083,q3,25.31,33.74,26.94,13.83,55061514.0,217562500.0,3,82
MLBSL,082/083,q2,33.06,33.06,17.93,12.81,35966272.0,217562500.0,2,82
MLBSL,082/083,q1,37.23,37.23,,14.82,20248526.0,217562500.0,1,82
MLBSL,081/082,q4,38.68,38.68,31.05,16.25,84147308.0,217562500.0,4,81
MLBSL,081/082,q3,65.43,65.43,3.58,26.16,106763666.0,217562500.0,3,81
MMKJL,082/083,q4,11.13,11.13,11.13,11.07,111282991.0,1000000000.0,4,82
MMKJL,082/083,q3,8.46,11.25,,11.49,84612865.0,1000000000.0,3,82
MMKJL,082/083,q2,8.57,17.13,17.13,17.47,85656993.0,1000000000.0,2,82
MMKJL,082/083,q1,6.06,24.23,24.23,25.36,60576800.0,1000000000.0,1,82
MMKJL,081/082,q4,-0.64,-0.64,-0.64,-0.71,-6386754.0,1000000000.0,4,81
MNBBL,082/083,q4,18.98,18.98,8.45,12.27,1518361000.0,800089000.0,4,82
MNBBL,082/083,q3,15.71,15.71,5.49,10.1,942601000.0,8000389000.0,3,82
MNBBL,082/083,q2,16.8,16.8,3.99,11.24,672040000.0,8000389000.0,2,82
MNBBL,082/083,q1,12.76,12.76,17.38,7.5,224774000.0,7046938000.0,1,82
MNBBL,081/082,q4,21.82,21.82,20.75,12.84,1537431000.0,7046938000.0,4,81
MPFL,082/083,q3,1.16,1.16,1.16,0.97,5323772.58,610200000.0,3,82
MPFL,082/083,q2,2.57,2.57,2.57,2.17,7834737.55,610200000.0,2,82
MPFL,082/083,q1,8.89,8.89,8.89,7.44,13567700.0,610200000.0,1,82
MPFL,081/082,q4,3.82,3.82,3.82,0.58,23324317.07,610200000.0,4,81
MPFL,081/082,q3,4.73,4.73,4.73,0.76,21647419.85,610200000.0,3,81
MSHL,082/083,q3,18.32,18.32,18.32,13.65,102817485.0,748400000.0,3,82
MSHL,082/083,q2,19.94,19.94,19.94,15.32,74601021.0,748400000.0,2,82
MSHL,082/083,q1,22.36,22.36,22.36,17.78,41835429.0,748400000.0,1,82
MSHL,081/082,q4,16.33,17.66,17.66,14.69,132140029.0,748400000.0,4,81
MSHL,081/082,q3,15.52,15.52,15.52,13.6,87131637.0,748400000.0,3,81
MSLB,082/083,q4,49.88,49.88,42.58,29.11,193278213.08,387494866.46,4,82
MSLB,082/083,q3,42.26,42.26,25.87,20.04,122811196.08,387494866.46,3,82
MSLB,082/083,q2,36.14,36.14,18.4,18.36,70020862.27,387494866.46,2,82
MSLB,082/083,q1,37.28,27.28,37.41,16.67,34477419.22,369923500.2,1,82
MSLB,081/082,q4,30.96,30.96,33.57,14.4,114529910.92,369923500.2,4,81
NABBC,082/083,q3,-10.98,-12.61,-9.48,-28.76,-49781513.0,524993055.0,3,82
NABBC,082/083,q2,-11.2,-11.2,-9.58,-66.28,-47347804.0,494333355.0,2,82
NABBC,082/083,q1,-16.84,-16.84,-33.69,-179.2,-22107026.0,262467600.0,1,82
NABBC,081/082,q4,-9.59,-9.59,-9.58,-4.3,-25169200.0,262467600.0,4,81
NABBC,081/082,q3,-4.86,-4.86,,,-12674661.0,262467600.0,3,81
NABIL,082/083,q4,28.36,28.36,19.1,11.76,7905796000.0,32056997000.0,4,82
NABIL,082/083,q3,33.02,33.02,21.16,13.66,6764646000.0,32056997000.0,3,82
NABIL,082/083,q2,35.04,35.04,22.5,14.54,4759641000.0,32056997000.0,2,82
NABIL,082/083,q1,25.49,25.49,30.15,10.7,1756991000.0,27056997000.0,1,82
NABIL,081/082,q4,26.34,26.34,17.64,11.64,7127566000.0,27056997000.0,4,81
NADEP,082/083,q3,13.4,17.87,9.77,10.94,65105983.0,485760000.0,3,82
NADEP,082/083,q2,15.52,15.52,-13.52,9.86,37686437.0,485760000.0,2,82
NADEP,082/083,q1,4.75,4.75,-18.05,3.08,5768080.0,485760000.0,1,82
NADEP,081/082,q4,11.06,11.06,-7.84,0.67,5372146.0,485760000.0,4,81
NADEP,081/082,q3,2.11,2.11,-12.99,1.35,7705280.0,485760000.0,3,81
NBB,078/079,q3,14.69,,,9.165864146314275,1111137180.0,10085399740.0,3,78
NBB,078/079,q2,16.08567279576876,,,10.225673249323732,811152201.0,10085399738.0,2,78
NBB,078/079,q1,18.29,,,10.44449069196128,411465144.0,9004821195.0,1,78
NBB,077/078,q4,25.459613837451663,,,14.91945140339059,2292592703.0,9004821195.0,4,77
NBB,077/078,q3,18.19480528841306,,,14.661772932528624,1638409683.0,9004821195.0,3,77
NBL,082/083,q3,25.34,25.34,2.92,9.59,2792981922.0,14694022928.0,3,82
NBL,082/083,q2,17.76,17.76,-12.45,6.85,1304852928.0,14694022928.0,2,82
NBL,082/083,q1,16.01,16.01,-15.52,6.15,588287500.0,14694022930.0,1,82
NBL,081/082,q4,25.68,25.68,-3.06,10.22,3773008987.0,14694022928.0,4,81
NBL,081/082,q3,25.26,25.26,2.78,9.69,2783494683.0,14694022928.0,3,81
NCCB,079/080,q1,18.56,,,12.46,516836162.0,11139678014.0,1,79
NCCB,078/079,q4,18.15,,13.23,12.29,2022222773.0,11139678014.0,4,78
NCCB,078/079,q3,17.81,,,12.45,1487722870.0,11139678010.0,3,78
NCCB,078/079,q2,16.17,,,11.681346753794704,900543495.0,11139678014.0,2,78
NCCB,078/079,q1,20.09,,,13.77,518057896.0,10314516680.0,1,78
NESDO,082/083,q3,48.81,65.09,70.55,22.58,142215065.02,291337500.0,3,82
NESDO,082/083,q2,63.99,63.99,58.76,23.71,93216060.0,291337500.0,2,82
NESDO,082/083,q1,44.8,44.8,66.66,16.44,32629910.36,291337500.0,1,82
NESDO,081/082,q4,-3.96,-3.96,58.04,-1.32,-10099622.84,291337500.0,4,81
NESDO,081/082,q3,-60.68,-60.68,21.67,-23.63,-116058133.96,291337500.0,3,81
NFS,082/083,q3,-10.14,-13.48,-48.42,-11.01,-78625205.0,775646747.0,3,82
NFS,082/083,q2,-11.26,-22.52,-49.54,-8.92,-87349399.0,775646747.0,2,82
NFS,082/083,q1,-7.84,-7.84,-31.36,-25.24,-59560080.0,759446750.0,1,82
NFS,081/082,q4,2.86,2.86,-37.91,2.16,21745870.0,759446747.0,4,81
NFS,081/082,q3,0.31,0.31,-38.09,0.23,1700607.0,729906747.0,3,81
NGPL,082/083,q3,,1.39,1.39,0.91,40469238.0,3878429974.0,3,82
NGPL,082/083,q2,1.95,1.95,1.95,1.24,36164790.0,3702558446.0,2,82
NGPL,082/083,q1,2.35,2.35,2.35,1.51,21724202.0,3702558450.0,1,82
NGPL,081/082,q4,0.46,0.46,0.46,0.28,17115618.0,3702558446.0,4,81
NGPL,081/082,q3,0.83,0.83,0.83,0.52,22994344.0,3702558446.0,3,81
NHDL,082/083,q3,16.58,16.58,16.58,14.54,57167000.0,423134000.0,3,82
NHDL,082/083,q2,21.15,21.15,21.15,17.37,44738000.0,423134000.0,2,82
NHDL,082/083,q1,22.33,22.33,22.33,17.55,21669000.0,388197000.0,1,82
NHDL,081/082,q4,13.77,13.77,13.77,11.31,53440000.0,388197000.0,4,81
NHDL,081/082,q3,17.11,17.11,17.11,14.16,49825000.0,388197000.0,3,81
NHPC,082/083,q3,,1.04,1.04,1.44,25989250.0,2467162915.0,3,82
NHPC,082/083,q2,2.11,2.11,2.11,2.16,25989250.0,2467162915.0,2,82
NHPC,082/083,q1,0.41,0.41,0.41,1.79,10677604.0,2467162915.0,1,82
NHPC,081/082,q4,0.13,0.13,0.13,0.13,3132636.0,2467162915.0,4,81
NHPC,081/082,q3,-0.25,-0.25,-0.25,-0.46,-8141408.0,2467162915.0,3,81
NICA,082/083,q3,1.27,1.27,-91.56,0.73,140324168.0,14917566922.0,3,82
NICA,082/083,q2,1.77,1.77,-49.6,0.9,131191673.0,14917566922.0,2,82
NICA,082/083,q1,3.28,3.28,-27.7,1.65,122160860.0,14917566922.0,1,82
NICA,081/082,q4,1.08,1.08,-34.9,0.55,161573240.0,14917566920.0,4,81
NICA,081/082,q3,1.41,1.41,-23.92,0.71,156775959.0,14917566922.0,3,81
NICL,082/083,q3,5.55,5.55,5.55,3.2,106017179.0,2548575005.0,3,82
NICL,082/083,q2,0.39,0.39,0.39,0.23,4958472.0,2548575005.0,2,82
NICL,082/083,q1,-3.78,-3.78,-3.78,-8.82,-96378680.0,2548575010.0,1,82
NICL,081/082,q4,16.74,16.74,16.74,8.42,316459290.0,1890878230.0,4,81
NICL,081/082,q3,12.58,12.58,12.58,6.59,178450770.0,1890878230.0,3,81
NICLBSL,082/083,q3,6.15,8.2,-18.61,4.83,106916003.0,1739440000.0,3,82
NICLBSL,082/083,q2,2.16,2.16,-22.54,1.77,18814560.0,1739440000.0,2,82
NICLBSL,082/083,q1,2.09,2.09,-26.07,1.4,9090662.0,1739440000.0,1,82
NICLBSL,081/082,q4,-25.79,-25.79,-23.41,-21.27,-448665262.0,1739440000.0,4,81
NICLBSL,081/082,q3,0.1,0.1,2.38,0.07,1298504.0,1739440000.0,3,81
NIFRA,082/083,q4,4.57,4.57,,2.37,987395000.0,21600000000.0,4,82
NIFRA,082/083,q3,3.97,3.97,2.49,3.38,643310000.0,21600000000.0,3,82
NIFRA,082/083,q2,3.8,3.8,3.8,3.24,409940000.0,21600000000.0,2,82
NIFRA,082/083,q1,3.86,3.86,3.86,3.2,208540000.0,21600000000.0,1,82
NIFRA,081/082,q4,5.3,5.3,5.34,4.49,1145543000.0,21600000000.0,4,81
NIL,082/083,q3,17.74,17.74,17.74,3.53,163956171.0,2772278300.0,3,82
NIL,082/083,q2,0.8,0.8,0.8,2.99,93909753.0,2691532328.0,2,82
NIL,082/083,q1,-3.09,-3.09,-3.09,-5.44,-83134650.0,2691532330.0,1,82
NIL,081/082,q4,21.9,21.9,21.9,8.92,550826280.0,2515450770.0,4,81
NIL,081/082,q3,24.47,24.47,24.47,9.15,369328530.0,2012360620.0,3,81
NIMB,082/083,q3,12.29,12.29,-9.09,6.3,3146769000.0,34128595000.0,3,82
NIMB,082/083,q2,9.45,9.45,-10.61,4.91,1613034000.0,34128595000.0,2,82
NIMB,082/083,q1,0.53,0.53,-3.43,0.27,45050000.0,34128595000.0,1,82
NIMB,081/082,q4,19.8,19.8,1.44,10.6,6756649000.0,34128595000.0,4,81
NIMB,081/082,q3,17.74,17.74,-3.24,9.67,4540005000.0,34128595000.0,3,81
NLG,082/083,q3,0.98,1.74,,1.02,34810186.0,2667833409.0,3,82
NLG,082/083,q2,0.86,0.86,0.86,0.49,11044500.0,2565224432.0,2,82
NLG,082/083,q1,-3.94,-3.94,-3.94,-9.34,-101052280.0,2565224430.0,1,82
NLG,081/082,q4,6.28,6.28,6.28,3.55,161181590.0,2565224432.0,4,81
NLG,081/082,q3,6.57,6.57,6.57,3.67,123342390.0,2502657980.0,3,81
NLIC,082/083,q3,6.4,,6.4,5.05,454894359.0,9480201370.0,3,82
NLIC,082/083,q2,7.11,7.11,7.11,5.69,336920290.0,9480201370.0,2,82
NLIC,082/083,q1,9.55,9.55,9.55,6.91,215551660.0,9028763210.0,1,82
NLIC,081/082,q4,6.68,6.68,6.68,4.89,603263580.0,9028763210.0,4,81
NLIC,081/082,q3,9.63,9.63,9.63,7.09,652223760.0,9028763210.0,3,81
NLICL,082/083,q3,9.95,,9.95,7.47,416629885.0,5691649325.0,3,82
NLICL,082/083,q2,11.07,11.07,11.07,5.9,308941294.0,5691649325.0,2,82
NLICL,082/083,q1,10.3,10.3,10.3,7.83,140885660.0,5472739740.0,1,82
NLICL,081/082,q4,7.54,7.54,7.54,5.82,412843080.0,5472739740.0,4,81
NLICL,081/082,q3,10.49,10.49,10.49,7.66,408522886.0,5212133082.0,3,81
NMB,082/083,q4,20.18,20.18,9.08,11.58,4013671000.0,22285041000.0,4,82
NMB,082/083,q3,17.95,17.95,5.34,0.95,2687785000.0,22285041000.0,3,82
NMB,082/083,q2,17.1,17.1,5.18,10.17,1648613000.0,19285041000.0,2,82
NMB,082/083,q1,19.95,19.95,8.09,1.12,915983000.0,18366706000.0,1,82
NMB,081/082,q4,17.87,17.87,10.6,10.66,3281791000.0,18366706000.0,4,81
NMBMF,082/083,q3,16.08,16.08,9.29,11.26,87013314.0,721449149.0,3,82
NMBMF,082/083,q2,9.67,9.67,3.72,6.88,34891744.0,721449149.0,2,82
NMBMF,082/083,q1,7.06,7.06,7.06,5.04,12725090.0,721449149.0,1,82
NMBMF,081/082,q4,8.85,8.85,6.59,6.29,63841571.0,721449149.0,4,81
NMBMF,081/082,q3,5.09,5.09,3.65,3.86,27525790.0,721449149.0,3,81
NMFBS,082/083,q3,38.69,51.59,44.53,19.83,588660000.0,1521363000.0,3,82
NMFBS,082/083,q2,48.21,48.21,33.72,19.65,366697000.0,1521363000.0,2,82
NMFBS,082/083,q1,43.34,43.34,165.6,16.94,144287000.0,1331609000.0,1,82
NMFBS,081/082,q4,35.6,35.6,33.05,14.53,474046000.0,1331609000.0,4,81
NMFBS,081/082,q3,36.3,36.3,35.6,15.72,355575000.0,1331609000.0,3,81
NMIC,082/083,q1,4.38,4.38,4.38,4.1,8207180.0,750000000.0,1,82
NMIC,082/083,q3,4.54,4.54,4.54,2.12,11966060.0,750000000.0,3,82
NMIC,082/083,q2,1.69,3.61,3.61,3.55,13546340.0,750000000.0,2,82
NMIC,081/082,q4,0.22,0.22,0.22,11.35,1657100.0,750000000.0,4,81
NMLBBL,082/083,q4,16.88,16.88,-8.72,9.04,235901425.0,1397764272.0,4,82
NMLBBL,082/083,q3,-71.21,-71.21,-67.91,-57.49,-746511296.0,1397764272.45,3,82
NMLBBL,082/083,q2,11.18,11.18,11.28,5.26,78150519.0,1397764272.0,2,82
NMLBBL,082/083,q1,15.84,15.84,5.66,7.5,55368510.0,1397764272.0,1,82
NMLBBL,081/082,q4,18.17,18.17,9.58,8.79,254017209.0,1397764272.0,4,81
NRIC,082/083,q3,-43.51,-57.87,-57.87,-52.99,-5840295336.0,13422187078.0,3,82
NRIC,081/082,q3,5.45,5.43,7.25,3.64,548237943.0,13422187078.0,3,81
NRIC,081/082,q2,3.97,7.94,7.94,5.33,532690961.0,13422187078.0,2,81
NRIC,081/082,q1,0.47,1.89,1.89,,63296773.0,13422187078.0,1,81
NRIC,080/081,q4,8.43,8.43,,,1131645266.0,13422187078.0,4,80
NRM,082/083,q4,-3.18,-3.18,-3.18,-3.71,-30720683.0,967500000.0,4,82
NRM,082/083,q3,-3.04,-4.04,-4.04,-4.71,-29376300.0,967500000.0,3,82
NRM,082/083,q2,-1.82,-3.64,-3.64,-4.19,-17630835.0,967500000.0,2,82
NRM,082/083,q1,-1.61,-6.4,-6.4,-7.36,-15532076.0,967500000.0,1,82
NRM,081/082,q4,0.15,0.15,0.15,0.16,1438864.0,967500000.0,4,81
NRN,082/083,q3,-4.12,-5.49,-5.49,-3.18,-74072850.0,1798121200.0,3,82
NRN,082/083,q2,-0.29,-0.59,-0.59,-0.34,-5293.77,1798121200.0,2,82
NRN,082/083,q1,1.58,1.58,1.58,0.65,5066960.0,1284372290.0,1,82
NRN,081/082,q4,52.23,52.23,52.23,20.88,670855050.0,1284372290.0,4,81
NRN,081/082,q3,5.39,7.18,7.18,4.19,69185130.0,1284372290.0,3,81
NTC,082/083,q3,46.47,46.47,46.47,8.41,6272995999.0,18000000000.0,3,82
NTC,082/083,q2,46.27,46.27,46.27,8.58,4164510000.0,18000000000.0,2,82
NTC,082/083,q1,29.45,29.45,29.45,5.82,1325175000.0,18000000000.0,1,82
NTC,081/082,q4,14.82,14.82,14.82,2.99,2668192000.0,18000000000.0,4,81
NTC,081/082,q3,21.05,21.05,21.05,4.16,2842289000.0,18000000000.0,3,81
NUBL,082/083,q3,5.65,7.54,,3.51,155021711.0,2742683738.0,3,82
NUBL,082/083,q2,8.73,8.73,5.04,4.1,119738140.0,2742683738.0,2,82
NUBL,082/083,q1,19.32,19.32,29.47,8.72,126176354.0,2612079750.0,1,82
NUBL,081/082,q4,32.01,32.01,30.3,14.47,836078476.0,2612079750.0,4,81
NUBL,081/082,q3,24.53,24.53,12.16,9.73,480582301.0,2612079750.0,3,81
NWCL,082/083,q3,-5.19,-6.91,,-6.97,-35695758.0,687500000.0,3,82
NWCL,082/083,q2,-3.05,-6.09,-6.09,-6.02,-20935133.0,687500000.0,2,82
NWCL,082/083,q1,-1.67,-6.68,-6.68,-6.48,-11495575.0,687500000.0,1,82
NWCL,080/081,q3,-22.17,,-22.17,-36.2,-140295045.0,687500000.0,3,80
NWCL,080/081,q2,-13.4,,,,-92121111.0,687500000.0,2,80
NYADI,082/083,q4,2.7,2.7,2.7,3.92,40447000.0,1500000000.0,4,82
NYADI,082/083,q3,9.85,13.1,13.1,17.25,147777000.0,1500000000.0,3,82
NYADI,082/083,q2,7.73,15.46,19.94,20.94,115947000.0,1500000000.0,2,82
NYADI,082/083,q1,-2.05,-2.05,-2.05,-0.66,-7698000.0,1500000000.0,1,82
NYADI,081/082,q4,-6.22,-6.22,-6.22,-9.14,-93356000.0,1500000000.0,4,81
OHL,082/083,q3,-2.48,-3.3,,-1.0,-29351453.0,1184494960.0,3,82
OHL,082/083,q2,-2.32,-4.63,-4.63,-1.41,-27431452.0,1184494960.0,2,82
OHL,082/083,q1,-2.5,-9.98,-9.98,-3.34,-29555791.0,1184494960.0,1,82
OHL,081/082,q4,2.49,2.49,1.25,0.76,29552588.0,1184494960.0,4,81
OHL,081/082,q3,3.78,5.04,5.04,1.0,44758710.0,1184494960.0,3,81
OMPL,082/083,q3,-6.83,-9.1,-9.1,-9.31,-40969930.0,600000000.0,3,82
OMPL,082/083,q2,-6.41,-12.81,-12.81,-13.08,-38436769.0,600000000.0,2,82
OMPL,082/083,q1,-15.38,-15.38,-15.38,-15.37,-23077104.0,600000000.0,1,82
OMPL,081/082,q4,1.49,1.49,1.49,1.43,8928363.0,600000000.0,4,81
OMPL,081/082,q3,1.26,1.84,1.84,1.62,7560063.0,600000000.0,3,81
PCBL,082/083,q3,19.66,19.66,4.76,11.98,3089335315.0,20954781773.0,3,82
PCBL,082/083,q2,19.5,19.5,3.06,12.09,2043378296.0,20954781773.0,2,82
PCBL,082/083,q1,25.94,25.94,19.68,14.47,1258430010.0,19402575720.0,1,82
PCBL,081/082,q4,20.74,20.74,14.33,11.94,4024431570.0,19402575720.0,4,81
PCBL,081/082,q3,15.32,15.32,10.57,7.12,2229304139.0,19402575716.0,3,81
PCIL,082/083,q3,2.48,2.48,2.48,1.57,57311542.0,3750000000.0,3,82
PFL,082/083,q3,9.0,9.0,-129.85,14.16,73077475.0,1082556605.0,3,82
PFL,082/083,q2,21.6,21.6,-133.5,63.8,233828440.0,1082556605.0,2,82
PFL,082/083,q1,-5.96,-5.96,-149.56,-49.59,-64523680.0,1082556610.0,1,82
PFL,081/082,q4,10.52,10.52,-144.12,16.24,113908890.0,1082556605.0,4,81
PFL,081/082,q3,8.87,8.87,-14.3,10.8,71985540.0,1082556605.0,3,81
PHCL,082/083,q3,0.18,0.18,0.18,0.16,3818724.0,3200000000.0,3,82
PHCL,082/083,q2,0.16,0.16,0.16,0.16,2540558.0,3200000000.0,2,82
PHCL,082/083,q1,0.82,0.82,0.82,0.89,6563610.0,3200000000.0,1,82
PHCL,081/082,q4,-4.93,-4.93,-4.93,-5.35,-157711395.0,3200000000.0,4,81
PHCL,081/082,q3,-5.63,-5.63,-5.63,,-135204946.0,3200000000.0,3,81
PMHPL,082/083,q4,6.07,6.07,6.07,7.28,66795756.0,1100000000.0,4,82
PMHPL,082/083,q3,9.97,9.97,9.97,11.73,82255254.0,1100000000.0,3,82
PMHPL,082/083,q2,15.26,15.26,15.26,17.97,83956079.0,1100000000.0,2,82
PMHPL,082/083,q1,13.34,13.34,13.34,16.55,36683000.0,1100000000.0,1,82
PMHPL,081/082,q4,-6.23,-6.23,-6.23,-8.08,-68561139.0,1100000000.0,4,81
PMLI,082/083,q3,6.91,,6.91,5.96,275070861.0,5307793920.0,3,82
PMLI,082/083,q2,5.02,5.02,5.02,4.44,133159603.0,5307793920.0,2,82
PMLI,082/083,q1,5.0,5.0,5.0,4.29,63774910.0,5103648000.0,1,82
PMLI,081/082,q4,7.26,7.26,7.26,6.27,370743480.0,5103648000.0,4,81
PMLI,081/082,q3,7.64,7.64,7.64,6.27,270723540.0,4725600000.0,3,81
PPCL,082/083,q4,8.85,8.85,8.85,8.97,85163270.0,962500000.0,4,82
PPCL,082/083,q3,6.25,8.32,8.32,8.66,60193870.0,962500000.0,3,82
PPCL,082/083,q2,9.4,9.4,9.4,11.97,57126160.0,962500000.0,2,82
PPCL,082/083,q1,21.42,21.42,21.42,22.3,51535760.0,962500000.0,1,82
PPCL,081/082,q4,-4.79,-4.79,-4.79,-5.24,-46123350.0,962500000.0,4,81
PPL,082/083,q3,-1.9,-2.53,-2.53,-2.46,-18040000.0,948900000.0,3,82
PPL,082/083,q2,0.0,0.0,0.0,-0.45,-2222000.0,948900000.0,2,82
PPL,082/083,q1,5.31,5.31,,5.0,12604000.0,948900000.0,1,82
PPL,081/082,q4,0.52,0.52,0.52,0.54,3319000.0,632600000.0,4,81
PPL,081/082,q3,1.23,1.64,1.64,1.68,7802000.0,632600000.0,3,81
PRIN,082/083,q3,16.58,16.58,16.58,3.66,211555528.0,1700955920.0,3,82
PRIN,082/083,q2,14.4,14.4,14.4,7.09,122459867.0,1700955920.0,2,82
PRIN,082/083,q1,14.85,14.85,14.85,7.34,63139750.0,1700955920.0,1,82
PRIN,081/082,q4,14.7,14.7,14.7,6.25,211958940.0,1441488070.0,4,81
PRIN,081/082,q3,18.53,18.53,18.53,7.9,200288980.0,1441488070.0,3,81
PROFL,082/083,q3,-3.89,-3.89,-52.33,-5.17,-24743250.0,848106000.0,3,82
PROFL,082/083,q2,-6.9,-6.9,-55.26,-9.33,-29251960.0,848106000.0,2,82
PROFL,082/083,q1,-18.43,-18.43,-224.0,-25.05,-39080600.0,848106000.0,1,82
PROFL,081/082,q4,13.2,13.2,-49.89,16.66,1119387000.0,848106000.0,4,81
PROFL,081/082,q3,14.22,14.22,-52.07,14.02,90441987.0,848106000.0,3,81
PRVU,082/083,q3,4.82,4.82,-18.21,3.3,851523000.0,23542490000.0,3,82
PRVU,082/083,q2,8.62,8.62,-14.26,5.56,1014457000.0,23542490000.0,2,82
PRVU,082/083,q1,9.49,9.49,1.72,58.02,558483000.0,23542490000.0,1,82
PRVU,081/082,q4,23.12,23.12,4.44,14.95,5442693000.0,23542490000.0,4,81
PRVU,081/082,q3,10.63,10.63,-14.45,7.43,1876060000.0,23542490000.0,3,81
PURE,082/083,q3,1.95,1.95,1.95,1.91,11712925.0,800000000.0,3,82
PURE,082/083,q2,2.31,2.31,2.31,2.27,9228916.0,800000000.0,2,82
PURE,082/083,q1,4.5,4.5,4.5,4.43,9005481.0,800000000.0,1,82
PURE,081/082,q4,4.7,4.7,4.7,3.97,31979038.03,800000000.0,4,81
RADHI,082/083,q3,23.49,23.49,23.49,17.8,433720812.0,1838979317.0,3,82
RADHI,082/083,q2,32.46,32.46,32.46,18.98,298454024.0,1838979317.0,2,82
RADHI,082/083,q1,60.58,60.58,60.58,39.59,278513410.0,1838979320.0,1,82
RADHI,081/082,q4,20.65,20.65,20.65,15.14,379817561.0,1838979317.0,4,81
RADHI,081/082,q3,5.88,5.88,5.88,5.0,81100767.0,1838979317.0,3,81
RAWA,082/083,q3,9.58,12.74,12.74,15.03,26811952.0,280000000.0,3,82
RAWA,082/083,q2,8.02,16.04,,19.28,22449656.0,280000000.0,2,82
RAWA,082/083,q1,4.79,4.79,4.79,23.95,13402178.0,280000000.0,1,82
RAWA,081/082,q4,6.53,6.53,6.53,8.66,18277335.0,280000000.0,4,81
RAWA,081/082,q3,4.99,6.66,6.66,9.02,13983548.0,280000000.0,3,81
RBCL,082/083,q3,108.37,108.37,108.37,2.21,288953404.0,266639059.0,3,82
RBCL,082/083,q2,66.48,132.96,132.96,2.06,177263188.0,266639059.0,2,82
RBCL,082/083,q1,-37.32,-37.32,-37.32,-2.33,-99509830.0,266639060.0,1,82
RBCL,081/082,q4,160.38,160.38,160.38,2.47,427642633.0,266639059.0,4,81
RBCL,081/082,q3,197.25,197.25,197.5,3.13,395663330.0,266639060.0,3,81
RFPL,082/083,q3,1.78,1.78,1.78,1.5,18656340.0,1400000000.0,3,82
RFPL,082/083,q2,4.62,4.62,4.62,3.87,32363990.0,1400000000.0,2,82
RFPL,082/083,q1,17.95,17.95,17.95,17.1,31419250.0,700000000.0,1,82
RFPL,081/082,q4,0.15,0.15,0.15,0.15,1079020.0,700000000.0,4,81
RFPL,081/082,q3,0.28,0.28,0.28,0.27,1446060.0,700000000.0,3,81
RHGCL,082/083,q3,0.03,0.03,0.03,0.03,263831.0,1225587600.0,3,82
RHGCL,082/083,q2,0.02,0.02,0.02,0.02,106205.0,1225587600.0,2,82
RHGCL,082/083,q1,-4.17,-4.17,-4.17,-4.4,-12776549.0,1225587600.0,1,82
RHGCL,081/082,q4,-6.38,-6.38,-6.38,-7.4,-73728358.0,1155176500.0,4,81
RHGCL,081/082,q3,-8.08,-8.08,-8.08,-10.13,-37154901.0,612793800.0,3,81
RHPL,082/083,q3,-18.92,-24.1,-24.1,-34.12,-1239653000.0,6842100000.0,3,82
RHPL,082/083,q2,-15.81,-31.61,-15.81,-43.7,-1081474000.0,6842100000.0,2,82
RHPL,082/083,q1,-38.22,-38.22,-9.55,-49.27,-653354000.0,6842100000.0,1,82
RHPL,081/082,q4,-7.12,-7.12,-7.12,-8.16,-487234000.0,6842100000.0,4,81
RHPL,081/082,q3,-2.85,-2.85,-2.85,,-146032000.0,6842100000.0,3,81
RIDI,082/083,q3,4.3,4.3,4.3,4.16,74921163.0,2323351800.0,3,82
RIDI,082/083,q2,3.25,3.25,3.25,3.2,37806185.0,2323351800.0,2,82
RIDI,082/083,q1,1.02,1.02,1.02,,5927150.0,2323351800.0,1,82
RIDI,081/082,q4,4.6,4.6,4.6,4.66,106811463.0,2323351800.0,4,81
RIDI,081/082,q3,0.32,0.32,0.32,0.34,5595112.0,2323351800.0,3,81
RLEL,082/083,q3,10.57,10.57,10.57,8.43,93909252.0,1185000000.0,3,82
RLFL,082/083,q3,4.51,4.51,-21.59,3.88,37901000.0,1121452000.0,3,82
RLFL,082/083,q2,0.31,0.31,-19.26,0.27,1723000.0,1121452000.0,2,82
RLFL,082/083,q1,-58.79,-58.79,-125.4,-60.48,-164827000.0,1121452000.0,1,82
RLFL,081/082,q4,3.81,3.81,-17.74,3.5,42704000.0,1121452000.0,4,81
RLFL,081/082,q3,-20.77,-20.77,-20.77,-22.34,-174711000.0,1121452000.0,3,81
RNLI,082/083,q3,12.46,,12.07,8.24,470417333.0,5196800000.0,3,82
RNLI,082/083,q2,15.24,15.24,15.24,10.51,395878903.0,5196800000.0,2,82
RNLI,082/083,q1,19.9,19.9,19.9,12.9,258501970.0,5196800000.0,1,82
RNLI,081/082,q4,10.97,10.97,10.97,7.44,570195960.0,5196800000.0,4,81
RNLI,081/082,q3,13.79,13.79,13.38,7.97,465796957.0,4640000000.0,3,81
RRHP,078/079,q3,13.09,,,11.86,54978680.0,560000000.0,3,78
RRHP,078/079,q2,20.71,,,,57975676.92,560000000.0,2,78
RRHP,078/079,q1,29.02,,,,40634586.77,560000000.0,1,78
RRHP,077/078,q4,10.54,,,,59018950.94,560000000.0,4,77
RRHP,077/078,q3,13.03,,,,38521486.08,560000000.0,3,77
RSDC,082/083,q4,13.37,13.37,10.97,7.3,138238245.0,1034064417.0,4,82
RSDC,082/083,q3,8.46,11.28,7.23,9.06,65647501.0,1034064417.0,3,82
RSDC,082/083,q2,14.83,14.83,12.8,11.85,76672479.0,1034064417.0,2,82
RSDC,082/083,q1,8.17,8.17,38.4,6.38,21107904.0,1034064417.0,1,82
RSDC,081/082,q4,9.98,9.98,7.98,7.9,103196039.0,1034064417.0,4,81
RSML,082/083,q3,20.42,20.42,20.42,3.76,266892121.44,1900000000.0,3,82
RSML,080/081,q3,2.08,,,,26323062.71,1707340000.0,3,80
RSML,081/082,q2,22.19,22.19,,,,1707340000.0,2,81
RSML,082/083,q2,16.08,16.08,16.08,2.95,137435414.45,1900000000.0,2,82
RURU,082/083,q3,16.5,16.5,16.5,7.81,62031673.0,624054424.0,3,82
RURU,082/083,q2,18.89,18.89,18.89,6.44,52731282.0,567322203.0,2,82
RURU,082/083,q1,23.22,23.22,23.22,16.21,32937385.0,567322203.0,1,82
RURU,081/082,q4,14.62,14.62,14.62,10.64,82951530.0,567322203.0,4,81
RURU,081/082,q3,16.5,16.5,16.5,12.63,70213374.0,567322203.0,3,81
SABBL,082/083,q3,-0.61,-0.81,-3.18,-0.59,-3189364.7,522388000.0,3,82
SABBL,082/083,q2,-1.99,-3.98,-4.69,-3.93,-10401203.81,522388000.0,2,82
SADBL,082/083,q4,23.83,23.83,13.19,14.52,889937935.0,3734068506.0,4,82
SADBL,082/083,q3,17.3,17.3,5.28,10.87,484531081.0,3734068506.0,3,82
SADBL,082/083,q2,16.21,16.21,5.07,10.68,302597838.0,3734068506.0,2,82
SADBL,082/083,q1,9.92,9.92,9.98,6.29,88211290.0,3556255720.0,1,82
SADBL,081/082,q4,15.1,15.1,11.64,9.77,537095112.0,3556255720.0,4,81
SAGAR,082/083,q3,-6.49,-6.49,-6.49,-5.1,-35357203.0,726000000.0,3,82
SAGAR,082/083,q2,-7.21,-7.21,-7.21,-5.61,-26158096.0,726000000.0,2,82
SAGAR,082/083,q1,-8.44,-8.44,,-6.49,-15323920.0,726000000.0,1,82
SAHAS,082/083,q4,29.72,29.72,29.72,21.9,1359156439.0,4573800000.0,4,82
SAHAS,082/083,q3,34.48,34.48,34.48,19.47,1182718342.0,4573800000.0,3,82
SAHAS,082/083,q2,39.57,39.57,39.57,23.19,904828360.0,4573800000.0,2,82
SAHAS,082/083,q1,52.37,52.37,52.37,26.62,494899980.0,3780000000.0,1,82
SAHAS,081/082,q4,23.88,23.88,23.88,12.99,90272372.0,3780000000.0,4,81
SAIL,082/083,q3,1.33,1.33,1.33,1.11,2058682.0,1631250000.0,3,82
SAIL,082/083,q2,1.03,1.03,1.03,0.87,15656098.0,1631250000.0,2,82
SALICO,082/083,q3,6.77,6.77,6.77,2.89,133213732.0,2622638200.0,3,82
SALICO,082/083,q2,2.85,2.85,2.85,1.25,37344985.0,2622638200.0,2,82
SALICO,082/083,q1,-10.19,-10.19,-10.1,-17.77,-267372220.0,2622638200.0,1,82
SALICO,081/082,q4,15.37,15.37,15.37,6.43,403206140.0,2622638200.0,4,81
SALICO,081/082,q3,12.81,12.81,12.81,5.15,251949110.0,2622638200.0,3,81
SANIMA,082/083,q4,25.75,25.75,20.85,14.39,3550144525.0,15581525414.0,4,82
SANIMA,082/083,q3,22.92,22.92,18.57,12.98,2350202914.0,15581525414.0,3,82
SANIMA,082/083,q2,20.54,20.54,16.95,12.01,1391075722.0,13581525414.0,2,82
SANIMA,082/083,q1,13.4,13.4,19.27,7.76,454918150.0,13581525410.0,1,82
SANIMA,081/082,q4,18.93,18.93,20.47,11.73,2571155953.0,13581525414.0,4,81
SANVI,082/083,q2,-5.03,-5.03,-5.03,-6.14,-44267668.0,880000000.0,2,82
SANVI,082/083,q3,,-6.37,-6.37,-7.88,-56079944.0,880000000.0,3,82
SANVI,082/083,q1,17.33,17.33,17.33,14.65,38123093.0,880000000.0,1,82
SANVI,081/082,q4,3.14,3.14,3.14,2.76,27642726.0,880000000.0,4,81
SAPDBL,082/083,q4,18.04,18.04,-66.98,20.8,150473889.0,834338432.0,4,82
SAPDBL,082/083,q3,7.07,9.43,1.29,12.91,59024770.0,834338432.0,3,82
SAPDBL,082/083,q2,6.43,6.43,-74.92,8.46,26820019.0,834338432.0,2,82
SAPDBL,082/083,q1,-0.58,-0.58,-288.16,-0.81,-1215050.0,834338430.0,1,82
SAPDBL,081/082,q4,9.18,9.18,-74.4,14.22,76618550.0,834338432.0,4,81
SARBTM,082/083,q3,23.12,23.12,23.12,11.77,905813241.0,5224275000.0,3,82
SARBTM,082/083,q2,20.61,20.61,20.61,10.91,538350042.0,5224275000.0,2,82
SARBTM,082/083,q1,26.07,26.07,26.07,12.53,324280823.0,4975500000.0,1,82
SARBTM,081/082,q4,20.19,20.19,20.0,9.99,1004593941.0,4975500000.0,4,81
SARBTM,081/082,q3,16.16,16.16,16.16,8.33,603036981.0,4975500000.0,3,81
SBI,082/083,q4,18.04,18.04,11.04,9.59,2044330739.0,11335124391.0,4,82
SBI,082/083,q3,17.19,17.19,10.75,9.27,1461785726.0,11335124390.0,3,82
SBI,082/083,q2,18.93,18.93,16.06,9.91,1031342915.0,10899158068.0,2,82
SBI,082/083,q1,18.41,18.41,21.55,9.64,501565203.0,10899158068.0,1,82
SBI,081/082,q4,16.54,16.54,11.29,9.01,1802580120.0,10899158068.0,4,81
SBL,082/083,q4,23.06,23.06,26.15,10.62,3519409797.0,18294479199.0,4,82
SBL,082/083,q3,17.62,17.62,20.98,8.27,2014855227.0,18294479199.0,3,82
SBL,082/083,q2,17.98,17.98,20.13,8.55,1326653249.0,14794479199.0,2,82
SBL,082/083,q1,9.03,9.03,11.47,4.22,324091369.0,14089980190.0,1,82
SBL,081/082,q4,24.1,24.1,13.22,11.5,3395285726.0,14089980190.0,4,81
SCB,082/083,q3,27.64,27.64,17.69,12.87,2081621000.0,10042368000.0,3,82
SCB,082/083,q2,27.35,27.35,17.29,12.61,1373324000.0,10042368000.0,2,82
SCB,082/083,q1,27.57,27.57,36.4,12.38,692169000.0,10042368000.0,1,82
SCB,081/082,q4,34.73,34.73,19.85,13.9,3275268000.0,10042368000.0,4,81
SCB,081/082,q3,28.86,28.86,19.35,14.03,2173776000.0,10042368000.0,3,81
SFCL,082/083,q3,0.12,0.12,-75.69,0.2,740635.0,818911400.0,3,82
SFCL,082/083,q2,0.29,0.29,-75.39,0.24,1169600.0,818911400.0,2,82
SFCL,082/083,q1,-2.65,-2.65,-308.24,-17.84,-21720520.0,818911400.0,1,82
SFCL,081/082,q4,3.9,3.9,-76.32,6.28,31935547.0,818911400.0,4,81
SFCL,081/082,q3,-5.81,-5.81,-83.63,-10.38,-35706000.0,818911000.0,3,81
SGHC,082/083,q4,11.13,11.13,11.13,13.31,177349252.0,1593000000.0,4,82
SGHC,082/083,q3,11.14,14.82,11.14,17.71,177523605.0,1592972000.0,3,82
SGHC,082/083,q2,10.0,20.0,20.0,24.23,159262373.0,1593000000.0,2,82
SGHC,082/083,q1,6.11,24.4,,31.06,97254188.0,1593000000.0,1,82
SGHC,081/082,q4,-0.36,-0.36,-0.36,-0.51,-5789488.0,1593000000.0,4,81
SGIC,082/083,q3,3.19,3.19,3.19,2.08,51364044.0,2150000000.0,3,82
SGIC,082/083,q2,-8.92,-8.92,-8.92,-6.13,-95905314.0,2150000000.0,2,82
SGIC,082/083,q1,-9.31,-9.31,-9.31,-26.5,-200203630.0,2150000000.0,1,82
SGIC,081/082,q4,16.3,16.3,16.3,10.71,350388699.0,2150000000.0,4,81
SGIC,081/082,q3,15.57,15.57,15.57,9.84,233557840.0,2000000000.0,3,81
SHBL,074/075,q1,-16.09,,,,-2935310.0,72994800.0,1,74
SHBL,074/075,q2,14.89,,,,5432740.0,72994800.0,2,74
SHBL,074/075,q3,15.99,,,,8754900.0,72994800.0,3,74
SHBL,074/075,q4,16.96,,,,12386090.0,72994800.0,4,74
SHBL,075/076,q1,0.2,,,,-148640.0,72994800.0,1,75
SHEL,082/083,q3,,8.96,8.96,8.14,204713095.0,3045000000.0,3,82
SHEL,082/083,q2,13.58,13.58,13.58,11.78,196925159.0,2900000000.0,2,82
SHEL,082/083,q1,15.48,15.48,15.48,13.77,112228070.0,2900000000.0,1,82
SHEL,081/082,q4,5.17,5.17,5.17,4.72,149998686.0,2900000000.0,4,81
SHEL,081/082,q3,4.63,6.17,6.17,5.67,408445090.0,2900000000.0,3,81
SHINE,082/083,q4,23.52,23.52,16.86,15.35,1181279437.0,5021972730.0,4,82
SHINE,082/083,q3,20.93,20.93,12.5,13.64,788404476.0,5021972730.0,3,82
SHINE,082/083,q2,16.1,16.1,6.37,10.97,315780356.0,5021972730.0,2,82
SHINE,082/083,q1,16.66,16.66,15.27,10.77,203041914.0,4875701680.0,1,82
SHINE,081/082,q4,14.12,14.12,13.96,9.33,688629944.0,4875701680.0,4,81
SHIVM,082/083,q3,14.76,14.76,14.76,7.95,619192409.0,5593228713.0,3,82
SHIVM,082/083,q2,12.77,12.77,12.77,7.08,357064889.0,5593228713.0,2,82
SHIVM,082/083,q1,15.37,15.37,15.37,8.0,209668868.0,5456808500.0,1,82
SHIVM,081/082,q4,14.55,14.55,14.55,7.7,794108004.0,5456808500.0,4,81
SHIVM,081/082,q3,9.79,9.79,9.79,4.36,400547400.0,5456808500.0,3,81
SHL,082/083,q3,4.69,6.23,6.23,23.32,550732618.0,1175152540.0,3,82
SHL,082/083,q2,3.4,6.8,3.4,23.66,347568702.0,1021862690.0,2,82
SHL,082/083,q1,1.21,4.8,4.8,17.09,123586030.0,1021862690.0,1,82
SHL,081/082,q4,6.56,6.56,6.56,24.17,670709971.0,1021862690.0,4,81
SHL,081/082,q3,4.57,6.16,6.16,18.33,591199095.0,1021862690.0,3,81
SHLB,082/083,q3,19.98,19.98,11.68,7.3,16380240.0,109375000.0,3,82
SHLB,082/083,q2,36.75,36.75,18.36,15.3,20084450.0,109375000.0,2,82
SHLB,082/083,q1,-70.8,-70.8,,-29.45,-19345520.0,109375000.0,1,82
SHLB,081/082,q4,41.25,41.25,32.15,16.64,45085740.0,109375000.0,4,81
SHLB,081/082,q3,28.91,28.91,22.53,12.58,23699470.0,109375000.0,3,81
SHPC,082/083,q3,3.62,4.82,4.82,3.61,135481534.0,3737993710.0,3,82
SHPC,082/083,q2,3.36,6.72,3.36,3.98,125618748.0,3737993710.0,2,82
SHPC,082/083,q1,17.56,17.56,17.56,10.29,164067760.0,3737993710.0,1,82
SHPC,081/082,q4,8.66,8.66,8.66,5.0,323769648.0,3737993710.0,4,81
SHPC,081/082,q3,7.41,9.88,9.88,5.71,276911072.0,3737993710.0,3,81
SICL,082/083,q3,3.03,3.03,3.03,1.6,70575608.0,3101567800.0,3,82
SICL,082/083,q2,-3.06,-3.06,-3.06,-1.56,-44731683.0,2923099000.0,2,82
SICL,082/083,q1,-5.43,-5.43,-5.43,-11.27,-158586420.0,2923099000.0,1,82
SICL,081/082,q4,15.49,15.49,15.49,7.78,452719180.0,2923099000.0,4,81
SICL,081/082,q3,16.29,16.29,16.29,8.32,357054410.0,2923099000.0,3,81
SIFC,082/083,q3,3.38,3.38,1.95,2.43,25360875.0,1000000000.0,3,82
SIFC,082/083,q2,2.24,2.24,0.41,1.79,12163543.0,1000000000.0,2,82
SIFC,082/083,q1,1.38,1.38,25.73,0.98,3443790.0,1000000000.0,1,82
SIFC,081/082,q4,6.99,6.99,6.28,4.92,69930612.0,1000000000.0,4,81
SIFC,081/082,q3,6.55,6.55,3.61,4.67,49107180.0,1000000000.0,3,81
SIKLES,082/083,q3,16.3,16.3,16.3,14.48,119491508.04,977500000.0,3,82
SIKLES,082/083,q2,24.94,24.94,24.94,22.15,105982303.21,850000000.0,2,82
SIKLES,082/083,q1,41.27,41.27,41.27,41.27,87699848.97,850000000.0,1,82
SIKLES,081/082,q4,9.12,9.12,9.12,7.87,77496787.46,850000000.0,4,81
SIKLES,081/082,q3,13.56,13.56,13.56,11.46,86425243.71,850000000.0,3,81
SINDU,082/083,q3,-7.91,-7.91,-47.78,-8.64,-33073687.0,557456067.0,3,82
SINDU,082/083,q2,-5.5,-5.5,-0.41,-5.89,-15468122.0,557456067.0,2,82
SINDU,082/083,q1,-32.0,-32.0,-182.01,-35.77,-44597701.0,557456067.0,1,82
SINDU,081/082,q4,21.15,21.15,-32.31,24.39,117878751.0,557456067.0,4,81
SINDU,081/082,q3,18.76,18.76,,23.49,78451034.0,557456067.0,3,81
SIPD,082/083,q3,-4.97,-6.62,-6.62,-6.84,-48664509.0,980000000.0,3,82
SJCL,082/083,q3,0.79,0.79,0.79,0.96,21538630.0,3650000000.0,3,82
SJCL,082/083,q2,5.95,5.95,5.95,7.04,108527880.0,3650000000.0,2,82
SJCL,082/083,q1,16.72,16.72,16.72,19.56,152836820.0,3650000000.0,1,82
SJCL,081/082,q4,-1.46,-1.46,-1.46,-9.39,-279380000.0,3650000000.0,4,81
SJCL,081/082,q3,-8.87,-8.87,-8.87,,-242868170.0,3650000000.0,3,81
SJLIC,082/083,q3,8.79,,8.79,6.99,330332699.0,5011947797.0,3,82
SJLIC,082/083,q2,8.06,8.06,8.06,6.53,201873791.0,5011947797.0,2,82
SJLIC,082/083,q1,9.78,9.78,9.78,7.27,122490740.0,5011947800.0,1,82
SJLIC,081/082,q4,6.99,6.99,6.99,5.51,350286400.0,5011947794.0,4,81
SJLIC,081/082,q3,7.87,7.87,7.87,4.7,295750377.0,5011947797.0,3,81
SKBBL,082/083,q4,13.26,13.26,33.46,7.95,653145927.08,4927170079.47,4,82
SKBBL,082/083,q3,13.08,13.08,31.27,5.97,483277425.36,4927170079.47,3,82
SKBBL,082/083,q2,15.46,15.46,29.79,7.14,380955883.11,4927170079.47,2,82
SKBBL,082/083,q1,21.1,21.19,46.32,8.68,228498366.79,4312621513.76,1,82
SKBBL,081/082,q4,20.38,20.38,42.67,8.52,878701123.23,4312621513.76,4,81
SKHEL,082/083,q3,-4.37,-4.37,-4.37,-4.74,-22608471.0,689674400.0,3,82
SKHEL,082/083,q2,0.78,0.78,0.78,0.83,2164170.0,551739400.0,2,82
SKHL,082/083,q3,11.73,15.64,15.64,8.49,181775158.41,1550000000.0,3,82
SLBBL,082/083,q3,23.47,30.3,18.01,19.51,210230760.62,895633630.43,3,82
SLBBL,082/083,q2,32.53,32.53,34.82,18.73,127495557.06,783924403.0,2,82
SLBBL,082/083,q1,25.84,25.84,28.4,15.57,50647969.5,783924403.0,1,82
SLBBL,081/082,q4,30.58,30.58,21.9,19.09,239705800.55,783924403.0,4,81
SLBBL,081/082,q3,30.93,30.93,39.4,18.03,160242776.93,690682293.0,3,81
SLBSL,082/083,q3,34.45,45.93,-42.02,33.46,58835585.0,170805000.0,3,82
SLBSL,082/083,q2,39.01,39.01,-51.24,40.17,33314886.0,170805000.0,2,82
SLBSL,082/083,q1,21.28,21.28,-35.2,17.44,9088560.0,170805000.0,1,82
SLBSL,081/082,q4,2.33,2.33,-32.03,16.47,3988214.0,170805000.0,4,81
SLBSL,081/082,q3,-5.93,-5.93,-5.93,-7.33,-10124510.0,170805000.0,3,81
SMATA,082/083,q3,16.62,16.62,8.76,11.88,82307530.0,660504140.0,3,82
SMATA,082/083,q2,17.12,17.12,13.27,12.61,56536450.0,660504140.0,2,82
SMATA,082/083,q1,12.54,12.54,18.7,,19716320.0,629051560.0,1,82
SMATA,081/082,q4,13.51,13.51,10.91,9.98,84998100.0,629051560.0,4,81
SMATA,081/082,q3,5.54,5.54,2.92,4.38,26148920.0,629051570.0,3,81
SMB,082/083,q4,56.82,56.82,50.78,27.7,76184954.0,134075577.0,4,82
SMB,082/083,q3,46.53,46.53,39.14,25.31,46784425.0,134075577.0,3,82
SMB,082/083,q2,51.87,51.87,35.96,27.44,31755793.0,122443449.0,2,82
SMB,082/083,q1,52.92,52.92,39.74,27.77,16200340.0,122443450.0,1,82
SMB,081/082,q4,41.81,41.81,41.81,24.65,51198600.0,122443450.0,4,81
SMFBS,082/083,q3,37.96,37.96,,17.56,43690181.0,153445509.0,3,82
SMFBS,082/083,q2,38.11,38.11,48.58,18.49,29242796.0,153445509.0,2,82
SMFBS,082/083,q1,20.92,20.92,35.19,10.88,8027100.0,153445510.0,1,82
SMFBS,081/082,q4,47.15,187.27,39.32,25.18,72350985.0,153445509.0,4,81
SMFBS,081/082,q3,32.61,32.61,32.61,20.79,35737470.0,146138580.0,3,81
SMH,082/083,q3,7.06,9.4,9.4,7.17,37792058.0,535000000.0,3,82
SMH,082/083,q2,12.88,25.76,25.76,22.13,68900044.0,535000000.0,2,82
SMH,082/083,q1,6.19,13.15,13.15,42.38,70379186.12,535000000.0,1,82
SMH,081/082,q4,13.15,13.15,13.15,7.29,46737467.46,535000000.0,4,81
SMH,081/082,q3,8.74,8.74,8.74,9.52,45682180.85,535000000.0,3,81
SMHL,082/083,q4,18.4,18.4,18.4,20.48,425993090.0,2315250000.0,4,82
SMHL,082/083,q3,10.55,14.03,14.03,12.56,244182550.0,2315250000.0,3,82
SMHL,082/083,q2,9.34,18.68,18.68,16.14,205988540.0,2205000000.0,2,82
SMHL,082/083,q1,20.3,20.3,20.3,18.2,111884280.0,2205000000.0,1,82
SMHL,081/082,q4,6.33,6.33,6.33,5.87,139540500.0,2205000000.0,4,81
SMJC,082/083,q3,3.14,3.14,3.14,2.81,26829350.0,1173200000.0,3,82
SMJC,082/083,q2,3.97,3.97,3.97,3.58,22593609.0,1173200000.0,2,82
SMJC,082/083,q1,10.46,10.46,,9.65,30686540.0,1173200000.0,1,82
SMJC,081/082,q4,2.28,2.28,2.28,2.04,25564054.0,1173200000.0,4,81
SMJC,081/082,q3,3.7,3.7,3.7,3.35,31572024.0,1173200000.0,3,81
SMPDA,082/083,q3,18.9,25.2,9.45,15.71,132475743.0,700858345.0,3,82
SMPDA,082/083,q2,24.55,24.55,9.51,15.52,86030023.0,700858345.0,2,82
SMPDA,082/083,q1,30.98,30.98,15.88,167.57,54726492.0,700858345.0,1,82
SMPDA,081/082,q4,11.46,11.46,12.17,0.76,80331085.94,700858345.0,4,81
SMPDA,081/082,q3,20.37,20.37,-1.38,13.23,107058739.13,700858345.0,3,81
SNLI,082/083,q3,8.55,,8.55,6.05,340023147.0,5282793600.0,3,82
SNLI,082/083,q2,11.3,11.3,11.3,7.7,285415398.0,5031232000.0,2,82
SNLI,082/083,q1,19.02,19.02,19.02,11.75,239277620.0,5031226500.0,1,82
SNLI,081/082,q4,10.83,10.83,10.83,7.02,542478610.0,5008691600.0,4,81
SNLI,081/082,q3,11.07,11.07,11.07,6.74,328997690.84,3961600000.0,3,81
SNORL,082/083,q4,14.21,14.21,14.21,10.64,111818242.51,937500000.0,4,82
SOHL,082/083,q3,8.58,11.41,11.41,8.42,858102785.0,10000000000.0,3,82
SONA,082/083,q3,7.35,9.78,9.78,4.96,226134709.0,3075050000.0,3,82
SONA,082/083,q2,1.54,3.09,3.09,1.61,47503796.0,3075050000.0,2,82
SONA,082/083,q1,1.42,1.42,1.42,2.96,43688339.0,3075050000.0,1,82
SONA,081/082,q4,0.2,0.2,0.2,0.1,6150264.0,3075050000.0,4,81
SONA,081/082,q3,-3.29,-3.29,-3.29,-1.04,-75936421.0,3075050000.0,3,81
SPC,082/083,q3,-0.95,-0.95,,-0.32,-1298443.0,500000000.0,3,82
SPC,082/083,q2,-1.76,-1.76,-1.76,-1.87,-4944390.0,500000000.0,2,82
SPC,082/083,q1,4.32,17.43,17.43,5.54,21785767.0,500000000.0,1,82
SPC,081/082,q4,1.76,1.76,1.76,0.72,3858614.0,500000000.0,4,81
SPC,081/082,q3,-0.45,-3.22,-3.22,-3.05,-12070624.0,500000000.0,3,81
SPDL,082/083,q3,,5.33,5.33,2.96,53236534.37,1330848750.0,3,82
SPDL,082/083,q2,9.18,9.18,9.18,7.74,55538509.63,1209862500.0,2,82
SPDL,082/083,q1,12.87,12.87,12.87,10.97,38939780.0,1209862500.0,1,82
SPDL,081/082,q4,5.01,5.01,5.01,4.34,60591549.42,1209862500.0,4,81
SPDL,081/082,q3,4.81,4.81,4.81,4.22,43661090.0,1209862500.0,3,81
SPHL,082/083,q3,3.79,3.79,1.79,5.33,11372969.0,300000000.0,3,82
SPHL,082/083,q2,5.29,10.58,10.58,11.0,15865806.0,300000000.0,2,82
SPHL,082/083,q1,5.17,5.17,,21.41,15504036.0,300000000.0,1,82
SPHL,081/082,q4,1.93,1.93,1.93,2.11,5777987.0,300000000.0,4,81
SPHL,081/082,q3,4.92,4.92,4.92,2.77,11066570.0,300000000.0,3,81
SPIL,082/083,q3,1.91,1.91,1.91,0.76,40134364.95,2806549900.0,3,82
SPIL,082/083,q2,-12.72,-12.72,-12.72,-5.27,-178552547.67,2806549900.0,2,82
SPIL,082/083,q1,-10.64,-10.64,-10.64,-16.05,-298541770.0,2806549900.0,1,82
SPIL,081/082,q4,25.41,25.41,25.41,9.26,713180707.59,2806549900.0,4,81
SPIL,081/082,q3,21.55,21.55,21.55,8.17,453604615.41,2806549900.0,3,81
SPL,082/083,q3,8.16,8.16,8.16,8.05,12233315.0,200000000.0,3,82
SPL,082/083,q2,6.21,12.42,12.42,12.27,12416532.0,200000000.0,2,82
SPL,082/083,q1,5.03,20.08,20.08,20.1,10052479.0,200000000.0,1,82
SPL,081/082,q4,2.63,2.63,2.63,2.76,5250301.0,200000000.0,4,81
SPL,081/082,q3,4.3,4.3,4.3,1.61,4298366.0,200000000.0,3,81
SRBL,079/080,q3,15.43,,,8.81,1170968481.0,10118892809.0,3,79
SRBL,079/080,q2,12.93,,,7.59,653957253.0,10118892809.0,2,79
SRBL,079/080,q1,1.64,,,3.98,165827790.0,10118892810.0,1,79
SRBL,078/079,q4,21.26,,2.53,12.85,2150944810.0,10118892809.0,4,78
SRBL,078/079,q3,16.83,,,10.71,1277397820.0,10118892810.0,3,78
SRLI,082/083,q3,9.06,,9.06,8.1,340858576.0,5014924056.0,3,82
SRLI,082/083,q2,11.01,11.01,11.01,10.17,276187709.0,5014924056.0,2,82
SRLI,082/083,q1,11.93,11.93,11.93,10.79,149608050.0,5014924060.0,1,82
SRLI,081/082,q4,7.53,7.53,7.53,6.75,377493660.0,5014924060.0,4,81
SRLI,081/082,q3,8.98,8.98,8.98,8.12,337657538.0,5014924056.0,3,81
SSHL,082/083,q3,-3.11,-3.11,-3.11,-5.68,-68890550.0,2952800000.0,3,82
SSHL,082/083,q2,-1.56,-1.56,-1.56,-2.74,-22967257.0,2952800000.0,2,82
SSHL,082/083,q1,-0.07,-0.07,-0.07,-0.22,-306050.0,1854148300.0,1,82
SSHL,081/082,q4,0.68,0.68,0.68,5.43,10062852.0,1476400000.0,4,81
SSHL,081/082,q2,-8.34,-8.34,,,-61545425.0,1476400000.0,2,81
STC,082/083,q3,36.19,36.19,36.19,7.25,95765017.0,352788651.0,3,82
STC,082/083,q2,12.97,25.93,25.93,5.37,45744282.0,352788651.0,2,82
STC,082/083,q1,20.2,20.2,20.2,3.92,16215350.0,320716960.0,1,82
STC,081/082,q4,19.3,19.3,19.3,3.47,61923920.0,320716960.0,4,81
STC,081/082,q2,22.05,22.05,22.05,4.2,35366740.0,32071696.0,2,81
SWASTIK,082/083,q3,21.55,21.55,17.92,13.39,9240492.0,57750000.0,3,82
SWASTIK,082/083,q2,29.02,29.02,16.73,18.37,8356148.0,57750000.0,2,82
SWASTIK,082/083,q1,27.13,27.13,31.31,18.43,3991366.0,57750000.0,1,82
SWBBL,082/083,q3,18.44,28.84,18.46,10.82,322725552.0,1750000000.0,3,82
SWBBL,082/083,q2,19.78,19.78,19.8,9.03,172629247.0,1750000000.0,2,82
SWBBL,082/083,q1,13.7,13.7,15.71,6.12,57880294.0,1656625000.0,1,82
SWBBL,081/082,q4,27.89,27.89,17.6,11.77,442674530.0,1656625000.0,4,81
SWBBL,081/082,q3,9.75,9.75,8.94,4.55,120212814.0,1656625000.0,3,81
SWMF,082/083,q4,19.69,19.69,14.9,12.68,217849107.0,1106286296.0,4,82
SWMF,082/083,q3,15.12,22.82,13.24,14.9,189376762.0,1106286296.0,3,82
SWMF,082/083,q2,21.18,21.18,8.44,14.47,117142133.0,1106286296.0,2,82
SWMF,082/083,q1,22.58,22.58,4.38,14.96,62452404.0,1106286296.0,1,82
SWMF,081/082,q4,12.5,12.5,6.9,8.6,138244145.0,1106286296.0,4,81
SYPNL,082/083,q3,3.75,3.75,3.75,2.83,30219737.0,1308136100.0,3,82
SYPNL,082/083,q2,0.82,1.65,1.65,1.1,7871269.0,1308137100.0,2,82
TAMOR,082/083,q3,7.53,10.02,10.02,8.51,251016357.0,3332497000.0,3,82
TAMOR,082/083,q2,5.43,10.86,10.86,9.4,181010566.0,3332500000.0,2,82
TAMOR,082/083,q1,25.2,25.2,,21.64,62100190.0,3332500000.0,1,82
TAMOR,081/082,q4,12.17,12.17,12.17,11.06,405568473.0,3332500000.0,4,81
TAMOR,081/082,q3,6.34,8.46,8.46,8.12,211445654.0,3332500000.0,3,81
TPC,082/083,q4,11.17,11.17,11.17,10.78,89339144.0,800000000.0,4,82
TPC,082/083,q3,10.49,10.49,10.49,10.42,62947973.0,800000000.0,3,82
TPC,082/083,q2,16.54,16.54,16.54,16.4,66148254.0,800000000.0,2,82
TPC,082/083,q1,28.12,28.12,28.12,28.23,56247674.0,800000000.0,1,82
TPC,081/082,q4,5.85,5.85,5.85,9.49,23391358.0,400000000.0,4,81
TRH,082/083,q4,-35.97,-35.97,-35.97,-30.3,-705788586.0,1962120160.0,4,82
TRH,082/083,q3,-7.38,-9.82,-9.82,-6.67,-144831729.0,1962120160.0,3,82
TRH,082/083,q2,-4.63,-9.26,-4.63,-6.17,-90830989.0,1962120160.0,2,82
TRH,082/083,q1,2.33,4.8,4.8,-3.07,-23742882.0,1962120160.0,1,82
TRH,081/082,q4,26.27,26.27,26.27,16.25,515433967.0,1962120160.0,4,81
TSHL,082/083,q3,,-9.18,-9.18,-15.02,-33911145.0,492500000.0,3,82
TSHL,082/083,q2,-4.6,-4.6,-4.6,-7.02,-11333376.0,492500000.0,2,82
TSHL,082/083,q1,13.46,13.46,,18.88,16569497.0,492500000.0,1,82
TSHL,081/082,q4,0.05,0.05,0.05,0.08,253671.0,492500000.0,4,81
TSHL,081/082,q3,-0.89,-0.89,-0.89,-1.31,-3271325.0,492500000.0,3,81
TTL,082/083,q3,2.45,2.45,2.45,2.31,15007425.66,815609700.0,3,82
TTL,082/083,q2,2.24,2.24,2.24,2.13,9141304.89,815609700.0,2,82
TTL,082/083,q1,0.86,0.86,0.86,0.82,1763074.42,815609700.0,1,82
TTL,081/082,q4,0.03,0.03,0.03,0.03,130908.5,815609700.0,4,81
TVCL,082/083,q3,-5.26,-6.99,-6.99,-8.94,-94033036.0,1789162770.0,3,82
TVCL,082/083,q2,-3.49,-6.98,-3.49,-8.74,-62512408.0,1789162770.0,2,82
TVCL,082/083,q1,-1.48,-1.54,-1.54,-7.5,-27475051.0,1789162770.0,1,82
TVCL,081/082,q4,-1.7,-1.7,-1.7,-2.04,-30386766.0,1789162770.0,4,81
TVCL,081/082,q3,-0.99,-1.27,-1.27,-1.56,-17647700.0,1789162770.0,3,81
UAIL,082/083,q3,-4.03,-4.03,-4.03,-2.3,-69790487.0,2310000000.0,3,82
UAIL,082/083,q2,-9.23,-9.23,-9.23,-5.38,-106628994.0,2310000000.0,2,82
UAIL,082/083,q1,-6.55,-6.55,,-15.45,-151193330.0,2310000000.0,1,82
UAIL,081/082,q4,9.37,9.37,9.37,5.3,216432840.0,2310000000.0,4,81
UAIL,081/082,q3,7.37,7.37,7.37,3.89,116122380.0,2100000000.0,3,81
UHEWA,082/083,q3,18.72,18.72,18.72,16.24,80728388.0,575000000.0,3,82
UHEWA,082/083,q2,29.81,29.81,29.81,22.63,74517054.0,500000000.0,2,82
UHEWA,082/083,q1,41.46,41.46,41.46,32.89,51827919.7,500000000.0,1,82
UHEWA,081/082,q4,13.09,13.09,13.09,11.35,65431980.24,500000000.0,4,81
UHEWA,081/082,q3,11.1,11.1,11.1,11.03,44611138.35,500000000.0,3,81
ULBSL,082/083,q4,52.93,52.93,4.61,17.32,56182000.0,106148200.0,4,82
ULBSL,082/083,q3,38.5,38.5,-21.24,13.87,30652020.0,106148200.0,3,82
ULBSL,082/083,q2,27.05,27.05,-15.32,9.83,14359677.0,106148200.0,2,82
ULBSL,082/083,q1,29.11,29.11,11.32,9.89,7727085.0,106148200.0,1,82
ULBSL,081/082,q4,32.23,32.23,32.23,1.1,34245000.0,106148000.0,4,81
ULHC,082/083,q4,-5.69,-5.69,-5.69,-6.43,-29018589.0,509804000.0,4,82
ULHC,082/083,q3,-1.19,-1.58,,-1.69,-6066071.0,509804000.0,3,82
ULHC,080/081,q3,,,,,,509804000.0,3,80
UMHL,082/083,q3,4.08,5.43,5.43,4.86,50243000.0,1230500000.0,3,82
UMHL,082/083,q2,3.07,6.14,6.14,5.55,37768000.0,1230500000.0,2,82
UMHL,082/083,q1,6.24,6.24,6.24,5.71,19181000.0,1230500000.0,1,82
UMHL,081/082,q4,4.23,4.23,4.23,3.93,52046000.0,1230500000.0,4,81
UMHL,081/082,q3,2.5,3.33,3.33,3.07,30704000.0,1230500000.0,3,81
UMRH,082/083,q3,19.15,19.15,19.15,16.64,69508395.4,483865200.0,3,82
UMRH,082/083,q2,20.94,20.94,20.94,18.02,48246620.0,460824000.0,2,82
UMRH,082/083,q1,23.08,23.08,23.08,23.08,26586056.19,460824000.0,1,82
UMRH,081/082,q4,5.7,5.7,5.7,5.38,26268773.65,460824000.0,4,81
UMRH,081/082,q3,14.13,13.58,13.58,12.3,46951860.97,443100000.0,3,81
UNHPL,082/083,q4,4.36,4.36,4.36,4.15,32678580.0,750000000.0,4,82
UNHPL,082/083,q3,5.24,5.24,5.24,5.0,29457196.0,750000000.0,3,82
UNHPL,082/083,q2,7.03,7.03,7.03,6.75,26352333.0,750000000.0,2,82
UNHPL,082/083,q1,7.79,7.79,7.79,7.57,14603413.0,750000000.0,1,82
UNHPL,081/082,q4,3.5,3.5,3.5,3.47,26222770.0,750000000.0,4,81
UNL,082/083,q4,424.32,424.32,424.32,7.66,390800000.0,92100000.0,4,82
UNL,082/083,q3,495.0,1804.0,1804.0,12.85,455300000.0,92100000.0,3,82
UNL,082/083,q2,468.0,1833.0,1833.0,20.22,430900000.0,92100000.0,2,82
UNL,082/083,q1,326.0,1884.0,1884.0,,300000000.0,92100000.0,1,82
UNL,081/082,q4,2123.0,2131.0,2131.0,9.1,474900000.0,92100000.0,4,81
UNLB,082/083,q4,34.39,34.39,29.37,18.47,51097789.0,148575000.0,4,82
UNLB,082/083,q3,12.15,12.15,10.59,5.45,13533873.0,148575000.0,3,82
UNLB,082/083,q2,62.61,62.61,28.09,25.49,46291091.0,148575000.0,2,82
UNLB,082/083,q1,50.07,50.07,41.61,18.4,18598057.0,148575000.0,1,82
UNLB,081/082,q4,27.28,27.28,46.02,10.11,40528411.0,148575000.0,4,81
UPCL,082/083,q3,1.1,1.1,1.1,0.95,20506227.0,2485123618.0,3,82
UPCL,082/083,q2,6.74,6.74,6.74,6.35,83727424.83,2485123618.25,2,82
UPCL,082/083,q1,9.4,9.4,9.4,15.67,53600060.0,2279929930.0,1,82
UPCL,081/082,q4,6.14,6.14,6.14,5.45,139913675.8,2279929925.0,4,81
UPCL,081/082,q3,6.22,6.22,6.22,5.6,106411768.61,2279929925.0,3,81
UPPER,082/083,q3,1.35,1.8,1.8,3.86,286757593.46,21180000000.0,3,82
UPPER,082/083,q2,4.71,9.41,9.41,18.8,996539153.34,21180000000.0,2,82
UPPER,082/083,q1,7.91,31.63,31.63,59.4,1674689000.0,21180000000.0,1,82
UPPER,081/082,q4,-12.15,-12.15,-12.15,-26.79,-2572538618.13,21180000000.0,4,81
UPPER,081/082,q3,-9.76,-9.76,-9.76,-27.82,-2067482159.24,21180000000.0,3,81
USHEC,082/083,q4,15.46,15.46,15.46,12.99,208763013.17,1350000000.0,4,82
USHEC,082/083,q3,15.32,20.38,,17.13,206841803.84,1350000000.0,3,82
USHEC,082/083,q2,14.34,28.69,28.69,24.29,193635472.54,1350000000.0,2,82
USHEC,082/083,q1,34.52,34.52,34.52,30.64,116498250.0,1350000000.0,1,82
USHEC,081/082,q4,8.39,8.39,8.39,8.16,113203306.05,1350000000.0,4,81
USHL,082/083,q3,5.2,5.2,5.2,5.42,8585481.0,220000000.0,3,82
USHL,082/083,q2,3.79,3.79,3.79,4.03,4173461.0,220000000.0,2,82
USHL,082/083,q1,1.6,1.67,1.67,1.81,916180.0,220000000.0,1,82
USHL,081/082,q4,34.66,34.66,34.66,44.94,92555595.0,220000000.0,4,81
USHL,081/082,q3,-2.06,-8.24,-2.06,,-16298072.0,220000000.0,3,81
USLB,082/083,q3,23.94,23.94,13.92,14.15,44325539.92,246865736.29,3,82
USLB,082/083,q2,17.04,17.04,6.6,10.69,21038569.98,246865736.29,2,82
USLB,082/083,q1,6.95,6.95,5.41,4.63,4286636.52,246865736.29,1,82
USLB,081/082,q4,21.24,21.24,16.56,14330.11,52431294.76,246865736.29,4,81
USLB,081/082,q3,20.49,20.49,16.0,14.02,37395413.26,246865738.27,3,81
VLBS,082/083,q3,,-4.51,7.17,-2.84,-26796152.17,791722059.0,3,82
VLBS,082/083,q2,-0.45,0.45,14.06,-0.27,-1673476.35,745040359.0,2,82
VLBS,082/083,q1,17.19,17.19,5.59,10.11,32011139.65,745040359.0,1,82
VLBS,081/082,q4,12.99,12.99,5.12,7.84,96778145.79,745040359.0,4,81
VLBS,081/082,q3,13.97,13.97,-5.0,8.58,78068065.12,745040359.0,3,81
VLUCL,082/083,q4,4.73,4.73,4.73,3.43,90455709.0,1912500000.0,4,82
VLUCL,082/083,q3,-5.26,-6.99,-6.99,-5.48,-100566885.0,1912500000.0,3,82
VLUCL,082/083,q2,-4.35,-8.7,-8.7,-6.77,-83224798.0,1912500000.0,2,82
VLUCL,082/083,q1,-4.95,-4.95,-4.95,,-94663578.0,1912500000.0,1,82
VLUCL,081/082,q4,-2.24,-2.24,-2.24,-1.67,-42759092.0,1912500000.0,4,81
WNLB,082/083,q4,9.89,9.89,-30.44,7.57,8342750.0,84340550.0,4,82
WNLB,082/083,q3,10.2,13.79,-30.44,10.29,8604358.0,84340550.0,3,82
WNLB,082/083,q2,-41.09,-41.09,-24.64,52379340.88,-8829396.0,84340550.0,2,82
WNLB,082/083,q1,4.36,4.36,-22.46,3.22,937819.0,84340550.0,1,82
WNLB,081/082,q4,11.5,11.5,-17.62,8.34,9697737.0,84340550.0,4,81
YMHL,082/083,q4,-7.62,-7.62,-7.62,-8.15,-53317657.0,700000000.0,4,82
